,usrID,now_eval,num_epoch,now_epoch_n,num_turn,now_turn,calcAction,Loss,reward,do_motion,do_direction,is_possible,now_position,next_position,is_confliction,on_eps_zero
0,1,6,10,1,63,1,0,0.19144999999999995,-0.333,move,lu,5,"[1, 1]","[0, 0]",False,True
1,2,6,10,1,63,1,2,0.19144999999999995,-0.667,move,ru,5,"[9, 8]","[10, 7]",False,True
0,1,6,10,1,63,2,0,0.10605000000000002,0.167,move,lu,1,"[0, 0]","[-1, -1]",False,True
1,2,6,10,1,63,2,8,0.10605000000000002,0.167,move,rd,1,"[10, 7]","[11, 8]",False,True
0,1,6,10,1,63,3,0,0.15119999999999995,-0.9,move,lu,1,"[0, 0]","[-1, -1]",False,True
1,2,6,10,1,63,3,4,0.15119999999999995,-0.483,move,z,5,"[10, 7]","[10, 7]",False,True
0,1,6,10,1,63,4,11,0.15360000000000001,-0.233,remove,ru,1,"[0, 0]","[1, -1]",False,True
1,2,6,10,1,63,4,3,0.15360000000000001,0.25,move,l,5,"[10, 7]","[9, 7]",False,True
0,1,6,10,1,63,5,11,0.2868,-0.4,remove,ru,1,"[0, 0]","[1, -1]",False,True
1,2,6,10,1,63,5,3,0.2868,-0.333,move,l,5,"[9, 7]","[8, 7]",False,True
0,1,6,10,1,63,6,8,0.18814999999999998,-0.483,move,rd,5,"[0, 0]","[1, 1]",False,True
1,2,6,10,1,63,6,14,0.18814999999999998,0.583,remove,ld,2,"[8, 7]","[7, 8]",False,True
0,1,6,10,1,63,7,14,0.13804999999999998,0.083,remove,ld,2,"[1, 1]","[0, 2]",False,True
1,2,6,10,1,63,7,6,0.13804999999999998,-1.05,move,ld,5,"[8, 7]","[7, 8]",False,True
0,1,6,10,1,63,8,5,0.15265,-0.3,move,r,5,"[1, 1]","[2, 1]",False,True
1,2,6,10,1,63,8,1,0.15265,0.0,move,u,5,"[7, 8]","[7, 7]",False,True
0,1,6,10,1,63,9,5,0.10974999999999999,-0.083,move,r,5,"[2, 1]","[3, 1]",False,True
1,2,6,10,1,63,9,1,0.10974999999999999,0.417,move,u,5,"[7, 7]","[7, 6]",False,True
0,1,6,10,1,63,10,4,0.13885000000000003,-0.083,move,z,5,"[3, 1]","[3, 1]",False,True
1,2,6,10,1,63,10,7,0.13885000000000003,0.333,move,d,5,"[7, 6]","[7, 7]",False,True
0,1,6,10,1,63,11,3,0.20979999999999993,0.25,move,l,5,"[3, 1]","[2, 1]",False,True
1,2,6,10,1,63,11,11,0.20979999999999993,-0.25,remove,ru,2,"[7, 7]","[8, 6]",False,True
0,1,6,10,1,63,12,16,0.10345000000000001,0.167,remove,rd,2,"[2, 1]","[3, 2]",False,True
1,2,6,10,1,63,12,15,0.10345000000000001,0.117,remove,d,5,"[7, 7]","[7, 8]",False,True
0,1,6,10,1,63,13,8,0.16175,-0.8,move,rd,5,"[2, 1]","[3, 2]",False,True
1,2,6,10,1,63,13,11,0.16175,0.0,remove,ru,2,"[7, 7]","[8, 6]",False,True
0,1,6,10,1,63,14,10,0.10994999999999999,0.667,remove,u,5,"[3, 2]","[3, 1]",False,True
1,2,6,10,1,63,14,4,0.10994999999999999,-0.55,move,z,5,"[7, 7]","[7, 7]",False,True
0,1,6,10,1,63,15,9,0.12015,-0.167,remove,lu,5,"[3, 2]","[2, 1]",False,True
1,2,6,10,1,63,15,8,0.12015,0.0,move,rd,5,"[7, 7]","[8, 8]",False,True
0,1,6,10,1,63,16,0,0.1551,0.167,move,lu,5,"[3, 2]","[2, 1]",False,True
1,2,6,10,1,63,16,11,0.1551,-0.167,remove,ru,5,"[8, 8]","[9, 7]",False,True
0,1,6,10,1,63,17,13,0.12299999999999997,-0.083,remove,r,2,"[2, 1]","[3, 1]",False,True
1,2,6,10,1,63,17,2,0.12299999999999997,-0.25,move,ru,5,"[8, 8]","[9, 7]",False,True
0,1,6,10,1,63,18,5,0.12675,-0.55,move,r,5,"[2, 1]","[3, 1]",False,True
1,2,6,10,1,63,18,12,0.12675,0.833,remove,l,5,"[9, 7]","[8, 7]",False,True
0,1,6,10,1,63,19,12,0.1594,-0.417,remove,l,5,"[3, 1]","[2, 1]",False,True
1,2,6,10,1,63,19,10,0.1594,-0.417,remove,u,2,"[9, 7]","[9, 6]",False,True
0,1,6,10,1,63,20,9,0.0742,0.583,remove,lu,2,"[3, 1]","[2, 0]",False,True
1,2,6,10,1,63,20,13,0.0742,-0.3,remove,r,5,"[9, 7]","[10, 7]",False,True
0,1,6,10,1,63,21,10,0.1213,-0.633,remove,u,2,"[3, 1]","[3, 0]",False,True
1,2,6,10,1,63,21,2,0.1213,-0.083,move,ru,5,"[9, 7]","[10, 6]",False,True
0,1,6,10,1,63,22,0,0.21484999999999999,-0.05,move,lu,5,"[3, 1]","[2, 0]",False,True
1,2,6,10,1,63,22,15,0.21484999999999999,-0.5,remove,d,2,"[10, 6]","[10, 7]",False,True
0,1,6,10,1,63,23,11,0.08145000000000001,-0.667,remove,ru,1,"[2, 0]","[3, -1]",False,True
1,2,6,10,1,63,23,14,0.08145000000000001,0.283,remove,ld,5,"[10, 6]","[9, 7]",False,True
0,1,6,10,1,63,24,8,0.11894999999999997,0.017,move,rd,5,"[2, 0]","[3, 1]",False,True
1,2,6,10,1,63,24,15,0.11894999999999997,-0.667,remove,d,2,"[10, 6]","[10, 7]",False,True
0,1,6,10,1,63,25,8,0.21835,0.167,move,rd,5,"[3, 1]","[4, 2]",False,True
1,2,6,10,1,63,25,6,0.21835,-0.133,move,ld,5,"[10, 6]","[9, 7]",False,True
0,1,6,10,1,63,26,16,0.22394999999999995,-0.417,remove,rd,2,"[4, 2]","[5, 3]",False,True
1,2,6,10,1,63,26,12,0.22394999999999995,0.667,remove,l,2,"[9, 7]","[8, 7]",False,True
0,1,6,10,1,63,27,8,0.26045,-0.05,move,rd,5,"[4, 2]","[5, 3]",False,True
1,2,6,10,1,63,27,9,0.26045,-0.383,remove,lu,2,"[9, 7]","[8, 6]",False,True
0,1,6,10,1,63,28,12,0.21664999999999993,0.167,remove,l,2,"[5, 3]","[4, 3]",False,True
1,2,6,10,1,63,28,15,0.21664999999999993,-0.633,remove,d,5,"[9, 7]","[9, 8]",False,True
0,1,6,10,1,63,29,14,0.1465,0.2,remove,ld,2,"[5, 3]","[4, 4]",False,True
1,2,6,10,1,63,29,8,0.1465,0.0,move,rd,5,"[9, 7]","[10, 8]",False,True
0,1,6,10,1,63,30,3,0.22965000000000005,-0.883,move,l,5,"[5, 3]","[4, 3]",False,True
1,2,6,10,1,63,30,10,0.22965000000000005,0.333,remove,u,2,"[10, 8]","[10, 7]",False,True
0,1,6,10,1,63,31,4,0.23485,0.083,move,z,5,"[4, 3]","[4, 3]",False,True
1,2,6,10,1,63,31,7,0.23485,-0.967,move,d,5,"[10, 8]","[10, 9]",False,True
0,1,6,10,1,63,32,15,0.1799,-0.083,remove,d,2,"[4, 3]","[4, 4]",False,True
1,2,6,10,1,63,32,10,0.1799,0.25,remove,u,5,"[10, 9]","[10, 8]",False,True
0,1,6,10,1,63,33,7,0.1877,-0.55,move,d,5,"[4, 3]","[4, 4]",False,True
1,2,6,10,1,63,33,1,0.1877,0.333,move,u,5,"[10, 9]","[10, 8]",False,True
0,1,6,10,1,63,34,9,0.1316,0.083,remove,lu,2,"[4, 4]","[3, 3]",False,True
1,2,6,10,1,63,34,15,0.1316,0.083,remove,d,5,"[10, 8]","[10, 9]",False,True
0,1,6,10,1,63,35,16,0.3595000000000001,0.2,remove,rd,2,"[4, 4]","[5, 5]",False,True
1,2,6,10,1,63,35,3,0.3595000000000001,-0.167,move,l,5,"[10, 8]","[9, 8]",False,True
0,1,6,10,1,63,36,4,0.19180000000000003,-0.217,move,z,5,"[4, 4]","[4, 4]",False,True
1,2,6,10,1,63,36,3,0.19180000000000003,-0.25,move,l,5,"[9, 8]","[8, 8]",False,True
0,1,6,10,1,63,37,6,0.16580000000000003,-0.417,move,ld,5,"[4, 4]","[3, 5]",False,True
1,2,6,10,1,63,37,11,0.16580000000000003,0.333,remove,ru,5,"[8, 8]","[9, 7]",False,True
0,1,6,10,1,63,38,4,0.1598,0.167,move,z,5,"[3, 5]","[3, 5]",False,True
1,2,6,10,1,63,38,0,0.1598,0.0,move,lu,5,"[8, 8]","[7, 7]",False,True
0,1,6,10,1,63,39,8,0.08529999999999999,-0.333,move,rd,5,"[3, 5]","[4, 6]",False,True
1,2,6,10,1,63,39,7,0.08529999999999999,-0.333,move,d,5,"[7, 7]","[7, 8]",False,True
0,1,6,10,1,63,40,16,0.13335,0.583,remove,rd,2,"[4, 6]","[5, 7]",False,True
1,2,6,10,1,63,40,6,0.13335,0.333,move,ld,5,"[7, 8]","[6, 9]",False,True
0,1,6,10,1,63,41,16,0.19969999999999996,-1.05,remove,rd,2,"[4, 6]","[5, 7]",False,True
1,2,6,10,1,63,41,15,0.19969999999999996,-0.083,remove,d,1,"[6, 9]","[6, 10]",False,True
0,1,6,10,1,63,42,10,0.1517,0.7,remove,u,2,"[4, 6]","[4, 5]",False,True
1,2,6,10,1,63,42,16,0.1517,-0.4,remove,rd,1,"[6, 9]","[7, 10]",False,True
0,1,6,10,1,63,43,9,0.17050000000000004,-0.3,remove,lu,5,"[4, 6]","[3, 5]",False,True
1,2,6,10,1,63,43,5,0.17050000000000004,-0.733,move,r,5,"[6, 9]","[7, 9]",False,True
0,1,6,10,1,63,44,0,0.30160000000000003,-0.5,move,lu,5,"[4, 6]","[3, 5]",False,True
1,2,6,10,1,63,44,11,0.30160000000000003,0.5,remove,ru,5,"[7, 9]","[8, 8]",False,True
0,1,6,10,1,63,45,5,0.26600000000000007,0.0,move,r,5,"[3, 5]","[4, 5]",False,True
1,2,6,10,1,63,45,2,0.26600000000000007,-0.25,move,ru,5,"[7, 9]","[8, 8]",False,True
0,1,6,10,1,63,46,15,0.10300000000000001,0.0,remove,d,5,"[4, 5]","[4, 6]",False,True
1,2,6,10,1,63,46,15,0.10300000000000001,-0.583,remove,d,2,"[8, 8]","[8, 9]",False,True
0,1,6,10,1,63,47,16,0.15004999999999996,0.25,remove,rd,2,"[4, 5]","[5, 6]",False,True
1,2,6,10,1,63,47,0,0.15004999999999996,0.367,move,lu,5,"[8, 8]","[7, 7]",False,True
0,1,6,10,1,63,48,1,0.16645000000000001,-0.217,move,u,5,"[4, 5]","[4, 4]",False,True
1,2,6,10,1,63,48,7,0.16645000000000001,-0.833,move,d,5,"[7, 7]","[7, 8]",False,True
0,1,6,10,1,63,49,9,0.1275,-0.583,remove,lu,2,"[4, 4]","[3, 3]",False,True
1,2,6,10,1,63,49,12,0.1275,0.583,remove,l,2,"[7, 8]","[6, 8]",False,True
0,1,6,10,1,63,50,14,0.2542,0.2,remove,ld,5,"[4, 4]","[3, 5]",False,True
1,2,6,10,1,63,50,14,0.2542,-0.3,remove,ld,5,"[7, 8]","[6, 9]",False,True
0,1,6,10,1,63,51,5,0.10045,0.417,move,r,5,"[4, 4]","[5, 4]",False,True
1,2,6,10,1,63,51,7,0.10045,-0.083,move,d,5,"[7, 8]","[7, 9]",False,True
0,1,6,10,1,63,52,14,0.16544999999999996,-0.333,remove,ld,5,"[5, 4]","[4, 5]",False,True
1,2,6,10,1,63,52,16,0.16544999999999996,0.083,remove,rd,1,"[7, 9]","[8, 10]",False,True
0,1,6,10,1,63,53,13,0.09355,0.0,remove,r,2,"[5, 4]","[6, 4]",False,True
1,2,6,10,1,63,53,6,0.09355,0.267,move,ld,1,"[7, 9]","[6, 10]",False,True
0,1,6,10,1,63,54,12,0.15234999999999996,-0.717,remove,l,5,"[5, 4]","[4, 4]",False,True
1,2,6,10,1,63,54,14,0.15234999999999996,-1.483,remove,ld,1,"[7, 9]","[6, 10]",False,True
0,1,6,10,1,63,55,13,0.20679999999999996,-0.167,remove,r,2,"[5, 4]","[6, 4]",False,True
1,2,6,10,1,63,55,3,0.20679999999999996,0.683,move,l,5,"[7, 9]","[6, 9]",False,True
0,1,6,10,1,63,56,15,0.6020000000000001,-0.05,remove,d,2,"[5, 4]","[5, 5]",False,True
1,2,6,10,1,63,56,6,0.6020000000000001,-0.167,move,ld,1,"[6, 9]","[5, 10]",False,True
0,1,6,10,1,63,57,0,0.18929999999999997,-0.05,move,lu,5,"[5, 4]","[4, 3]",False,True
1,2,6,10,1,63,57,12,0.18929999999999997,-0.567,remove,l,2,"[6, 9]","[5, 9]",False,True
0,1,6,10,1,63,58,8,0.21405000000000002,-0.167,move,rd,5,"[4, 3]","[5, 4]",False,True
1,2,6,10,1,63,58,0,0.21405000000000002,0.033,move,lu,5,"[6, 9]","[5, 8]",False,True
0,1,6,10,1,63,59,11,0.37889999999999996,-0.25,remove,ru,2,"[5, 4]","[6, 3]",False,True
1,2,6,10,1,63,59,9,0.37889999999999996,-0.5,remove,lu,2,"[5, 8]","[4, 7]",False,True
0,1,6,10,1,63,60,5,0.21385,0.033,move,r,5,"[5, 4]","[6, 4]",False,True
1,2,6,10,1,63,60,16,0.21385,-0.383,remove,rd,5,"[5, 8]","[6, 9]",False,True
0,1,6,10,1,63,61,5,0.13879999999999998,-0.333,move,r,5,"[6, 4]","[7, 4]",False,True
1,2,6,10,1,63,61,8,0.13879999999999998,0.333,move,rd,5,"[5, 8]","[6, 9]",False,True
0,1,6,10,1,63,62,6,0.18345000000000003,0.667,move,ld,5,"[7, 4]","[6, 5]",False,True
1,2,6,10,1,63,62,14,0.18345000000000003,0.083,remove,ld,1,"[6, 9]","[5, 10]",False,True
0,1,6,10,1,63,63,7,0.14744999999999994,-0.667,move,d,5,"[6, 5]","[6, 6]",False,True
1,2,6,10,1,63,63,4,0.14744999999999994,-0.733,move,z,5,"[6, 9]","[6, 9]",False,True
0,1,6,10,2,79,1,0,0.2136,-0.333,move,lu,5,"[8, 1]","[7, 0]",False,True
1,2,6,10,2,79,1,8,0.2136,-0.333,move,rd,5,"[1, 9]","[2, 10]",False,True
0,1,6,10,2,79,2,11,0.10790000000000002,0.0,remove,ru,1,"[7, 0]","[8, -1]",False,True
1,2,6,10,2,79,2,8,0.10790000000000002,0.0,move,rd,1,"[2, 10]","[3, 11]",False,True
0,1,6,10,2,79,3,16,0.15800000000000003,-0.233,remove,rd,5,"[7, 0]","[8, 1]",False,True
1,2,6,10,2,79,3,16,0.15800000000000003,-0.483,remove,rd,1,"[2, 10]","[3, 11]",False,True
0,1,6,10,2,79,4,8,0.138,-0.417,move,rd,5,"[7, 0]","[8, 1]",False,True
1,2,6,10,2,79,4,1,0.138,-0.233,move,u,5,"[2, 10]","[2, 9]",False,True
0,1,6,10,2,79,5,11,0.0743,0.0,remove,ru,2,"[8, 1]","[9, 0]",False,True
1,2,6,10,2,79,5,8,0.0743,-0.333,move,rd,5,"[2, 9]","[3, 10]",False,True
0,1,6,10,2,79,6,4,0.07764999999999998,0.033,move,z,5,"[8, 1]","[8, 1]",False,True
1,2,6,10,2,79,6,10,0.07764999999999998,0.25,remove,u,2,"[3, 10]","[3, 9]",False,True
0,1,6,10,2,79,7,11,0.08114999999999999,-0.25,remove,ru,2,"[8, 1]","[9, 0]",False,True
1,2,6,10,2,79,7,8,0.08114999999999999,0.033,move,rd,1,"[3, 10]","[4, 11]",False,True
0,1,6,10,2,79,8,6,0.0659,-0.3,move,ld,5,"[8, 1]","[7, 2]",False,True
1,2,6,10,2,79,8,14,0.0659,-1.067,remove,ld,1,"[3, 10]","[2, 11]",False,True
0,1,6,10,2,79,9,11,0.10414999999999999,-0.167,remove,ru,5,"[7, 2]","[8, 1]",False,True
1,2,6,10,2,79,9,11,0.10414999999999999,-0.067,remove,ru,2,"[3, 10]","[4, 9]",False,True
0,1,6,10,2,79,10,2,0.08209999999999998,0.25,move,ru,5,"[7, 2]","[8, 1]",False,True
1,2,6,10,2,79,10,7,0.08209999999999998,-0.55,move,d,1,"[3, 10]","[3, 11]",False,True
0,1,6,10,2,79,11,9,0.11484999999999998,-0.167,remove,lu,5,"[8, 1]","[7, 0]",False,True
1,2,6,10,2,79,11,6,0.11484999999999998,0.1,move,ld,1,"[3, 10]","[2, 11]",False,True
0,1,6,10,2,79,12,7,0.09985000000000002,0.333,move,d,5,"[8, 1]","[8, 2]",False,True
1,2,6,10,2,79,12,9,0.09985000000000002,-0.733,remove,lu,5,"[3, 10]","[2, 9]",False,True
0,1,6,10,2,79,13,12,0.074,-0.417,remove,l,5,"[8, 2]","[7, 2]",False,True
1,2,6,10,2,79,13,1,0.074,0.0,move,u,5,"[3, 10]","[3, 9]",False,True
0,1,6,10,2,79,14,0,0.09024999999999998,0.417,move,lu,5,"[8, 2]","[7, 1]",False,True
1,2,6,10,2,79,14,16,0.09024999999999998,0.167,remove,rd,2,"[3, 9]","[4, 10]",False,True
0,1,6,10,2,79,15,11,0.0615,0.167,remove,ru,2,"[7, 1]","[8, 0]",False,True
1,2,6,10,2,79,15,5,0.0615,-0.217,move,r,5,"[3, 9]","[4, 9]",False,True
0,1,6,10,2,79,16,2,0.09365000000000001,-0.633,move,ru,5,"[7, 1]","[8, 0]",False,True
1,2,6,10,2,79,16,0,0.09365000000000001,-0.583,move,lu,5,"[4, 9]","[3, 8]",False,True
0,1,6,10,2,79,17,6,0.09059999999999999,0.0,move,ld,5,"[8, 0]","[7, 1]",False,True
1,2,6,10,2,79,17,15,0.09059999999999999,0.0,remove,d,5,"[3, 8]","[3, 9]",False,True
0,1,6,10,2,79,18,10,0.0924,-0.5,remove,u,2,"[7, 1]","[7, 0]",False,True
1,2,6,10,2,79,18,7,0.0924,0.75,move,d,5,"[3, 8]","[3, 9]",False,True
0,1,6,10,2,79,19,0,0.13605,0.367,move,lu,5,"[7, 1]","[6, 0]",False,True
1,2,6,10,2,79,19,1,0.13605,0.25,move,u,5,"[3, 9]","[3, 8]",False,True
0,1,6,10,2,79,20,14,0.12850000000000003,0.25,remove,ld,2,"[6, 0]","[5, 1]",False,True
1,2,6,10,2,79,20,3,0.12850000000000003,-0.833,move,l,5,"[3, 8]","[2, 8]",False,True
0,1,6,10,2,79,21,8,0.1961,-0.3,move,rd,5,"[6, 0]","[7, 1]",False,True
1,2,6,10,2,79,21,0,0.1961,0.167,move,lu,5,"[2, 8]","[1, 7]",False,True
0,1,6,10,2,79,22,12,0.10459999999999998,-0.25,remove,l,2,"[7, 1]","[6, 1]",False,True
1,2,6,10,2,79,22,15,0.10459999999999998,0.083,remove,d,2,"[1, 7]","[1, 8]",False,True
0,1,6,10,2,79,23,14,0.14345,-1.05,remove,ld,2,"[7, 1]","[6, 2]",False,True
1,2,6,10,2,79,23,2,0.14345,0.117,move,ru,5,"[1, 7]","[2, 6]",False,True
0,1,6,10,2,79,24,3,0.21534999999999999,0.45,move,l,5,"[7, 1]","[6, 1]",False,True
1,2,6,10,2,79,24,1,0.21534999999999999,0.083,move,u,5,"[2, 6]","[2, 5]",False,True
0,1,6,10,2,79,25,15,0.2056,0.25,remove,d,2,"[6, 1]","[6, 2]",False,True
1,2,6,10,2,79,25,3,0.2056,-0.667,move,l,5,"[2, 5]","[1, 5]",False,True
0,1,6,10,2,79,26,2,0.13649999999999998,-1.467,move,ru,5,"[6, 1]","[7, 0]",False,True
1,2,6,10,2,79,26,4,0.13649999999999998,0.417,move,z,5,"[1, 5]","[1, 5]",False,True
0,1,6,10,2,79,27,11,0.17385,0.25,remove,ru,1,"[7, 0]","[8, -1]",False,True
1,2,6,10,2,79,27,9,0.17385,-0.25,remove,lu,2,"[1, 5]","[0, 4]",False,True
0,1,6,10,2,79,28,6,0.1295,0.517,move,ld,5,"[7, 0]","[6, 1]",False,True
1,2,6,10,2,79,28,10,0.1295,-0.717,remove,u,2,"[1, 5]","[1, 4]",False,True
0,1,6,10,2,79,29,9,0.21325000000000002,-0.417,remove,lu,2,"[6, 1]","[5, 0]",False,True
1,2,6,10,2,79,29,6,0.21325000000000002,0.367,move,ld,5,"[1, 5]","[0, 6]",False,True
0,1,6,10,2,79,30,6,0.2453,0.117,move,ld,5,"[6, 1]","[5, 2]",False,True
1,2,6,10,2,79,30,13,0.2453,0.083,remove,r,2,"[0, 6]","[1, 6]",False,True
0,1,6,10,2,79,31,7,0.28815,-0.917,move,d,5,"[5, 2]","[5, 3]",False,True
1,2,6,10,2,79,31,7,0.28815,-0.8,move,d,5,"[0, 6]","[0, 7]",False,True
0,1,6,10,2,79,32,11,0.194,0.5,remove,ru,2,"[5, 3]","[6, 2]",False,True
1,2,6,10,2,79,32,1,0.194,0.083,move,u,5,"[0, 7]","[0, 6]",False,True
0,1,6,10,2,79,33,3,0.23554999999999998,-0.8,move,l,5,"[5, 3]","[4, 3]",False,True
1,2,6,10,2,79,33,2,0.23554999999999998,0.5,move,ru,5,"[0, 6]","[1, 5]",False,True
0,1,6,10,2,79,34,15,0.16419999999999998,1.167,remove,d,2,"[4, 3]","[4, 4]",False,True
1,2,6,10,2,79,34,9,0.16419999999999998,-0.083,remove,lu,2,"[1, 5]","[0, 4]",False,True
0,1,6,10,2,79,35,16,0.32235,-1.3,remove,rd,2,"[4, 3]","[5, 4]",False,True
1,2,6,10,2,79,35,6,0.32235,-0.05,move,ld,5,"[1, 5]","[0, 6]",False,True
0,1,6,10,2,79,36,4,0.26970000000000005,0.367,move,z,5,"[4, 3]","[4, 3]",False,True
1,2,6,10,2,79,36,7,0.26970000000000005,-0.333,move,d,5,"[0, 6]","[0, 7]",False,True
0,1,6,10,2,79,37,15,0.2772500000000001,0.083,remove,d,2,"[4, 3]","[4, 4]",False,True
1,2,6,10,2,79,37,2,0.2772500000000001,-0.083,move,ru,5,"[0, 7]","[1, 6]",False,True
0,1,6,10,2,79,38,6,0.24445,-0.383,move,ld,5,"[4, 3]","[3, 4]",False,True
1,2,6,10,2,79,38,3,0.24445,-0.75,move,l,5,"[1, 6]","[0, 6]",False,True
0,1,6,10,2,79,39,2,0.19179999999999997,-0.5,move,ru,5,"[3, 4]","[4, 3]",False,True
1,2,6,10,2,79,39,15,0.19179999999999997,1.167,remove,d,5,"[0, 6]","[0, 7]",False,True
0,1,6,10,2,79,40,10,0.24675000000000002,0.75,remove,u,2,"[4, 3]","[4, 2]",False,True
1,2,6,10,2,79,40,16,0.24675000000000002,-0.5,remove,rd,5,"[0, 6]","[1, 7]",False,True
0,1,6,10,2,79,41,7,0.34274999999999994,-0.467,move,d,5,"[4, 3]","[4, 4]",False,True
1,2,6,10,2,79,41,6,0.34274999999999994,-0.833,move,ld,1,"[0, 6]","[-1, 7]",False,True
0,1,6,10,2,79,42,14,0.3028500000000001,-0.25,remove,ld,2,"[4, 4]","[3, 5]",False,True
1,2,6,10,2,79,42,4,0.3028500000000001,0.183,move,z,5,"[0, 6]","[0, 6]",False,True
0,1,6,10,2,79,43,9,0.31865000000000004,-0.633,remove,lu,2,"[4, 4]","[3, 3]",False,True
1,2,6,10,2,79,43,13,0.31865000000000004,0.333,remove,r,5,"[0, 6]","[1, 6]",False,True
0,1,6,10,2,79,44,8,0.21200000000000002,-0.55,move,rd,5,"[4, 4]","[5, 5]",False,True
1,2,6,10,2,79,44,5,0.21200000000000002,-0.083,move,r,5,"[0, 6]","[1, 6]",False,True
0,1,6,10,2,79,45,1,0.12295,-0.333,move,u,5,"[5, 5]","[5, 4]",False,True
1,2,6,10,2,79,45,9,0.12295,0.333,remove,lu,2,"[1, 6]","[0, 5]",False,True
0,1,6,10,2,79,46,2,0.37510000000000004,1.167,move,ru,5,"[5, 4]","[6, 3]",False,True
1,2,6,10,2,79,46,9,0.37510000000000004,0.117,remove,lu,2,"[1, 6]","[0, 5]",False,True
0,1,6,10,2,79,47,4,0.23354999999999998,-1.167,move,z,5,"[6, 3]","[6, 3]",False,True
1,2,6,10,2,79,47,13,0.23354999999999998,-0.883,remove,r,5,"[1, 6]","[2, 6]",False,True
0,1,6,10,2,79,48,4,0.2008,0.917,move,z,5,"[6, 3]","[6, 3]",False,True
1,2,6,10,2,79,48,8,0.2008,-0.25,move,rd,5,"[1, 6]","[2, 7]",False,True
0,1,6,10,2,79,49,8,0.21230000000000002,-0.083,move,rd,5,"[6, 3]","[7, 4]",False,True
1,2,6,10,2,79,49,8,0.21230000000000002,0.083,move,rd,5,"[2, 7]","[3, 8]",False,True
0,1,6,10,2,79,50,12,0.20225000000000004,-0.167,remove,l,2,"[7, 4]","[6, 4]",False,True
1,2,6,10,2,79,50,14,0.20225000000000004,-0.25,remove,ld,2,"[3, 8]","[2, 9]",False,True
0,1,6,10,2,79,51,0,0.27154999999999996,-0.633,move,lu,5,"[7, 4]","[6, 3]",False,True
1,2,6,10,2,79,51,16,0.27154999999999996,0.617,remove,rd,5,"[3, 8]","[4, 9]",False,True
0,1,6,10,2,79,52,8,0.6837000000000002,1.0,move,rd,5,"[6, 3]","[7, 4]",False,True
1,2,6,10,2,79,52,15,0.6837000000000002,-1.25,remove,d,5,"[3, 8]","[3, 9]",False,True
0,1,6,10,2,79,53,11,0.23785000000000003,-0.083,remove,ru,2,"[7, 4]","[8, 3]",False,True
1,2,6,10,2,79,53,2,0.23785000000000003,0.417,move,ru,5,"[3, 8]","[4, 7]",False,True
0,1,6,10,2,79,54,6,0.30590000000000006,-0.633,move,ld,5,"[7, 4]","[6, 5]",False,True
1,2,6,10,2,79,54,14,0.30590000000000006,-0.333,remove,ld,5,"[4, 7]","[3, 8]",False,True
0,1,6,10,2,79,55,3,0.2271,0.25,move,l,5,"[6, 5]","[5, 5]",False,True
1,2,6,10,2,79,55,6,0.2271,0.75,move,ld,5,"[4, 7]","[3, 8]",False,True
0,1,6,10,2,79,56,14,0.213,-0.333,remove,ld,2,"[5, 5]","[4, 6]",False,True
1,2,6,10,2,79,56,12,0.213,-0.25,remove,l,5,"[3, 8]","[2, 8]",False,True
0,1,6,10,2,79,57,5,0.2962000000000001,1.033,move,r,5,"[5, 5]","[6, 5]",False,True
1,2,6,10,2,79,57,15,0.2962000000000001,0.0,remove,d,2,"[3, 8]","[3, 9]",False,True
0,1,6,10,2,79,58,3,0.22835,-0.25,move,l,5,"[6, 5]","[5, 5]",False,True
1,2,6,10,2,79,58,11,0.22835,-0.05,remove,ru,5,"[3, 8]","[4, 7]",False,True
0,1,6,10,2,79,59,11,0.23949999999999996,-0.333,remove,ru,2,"[5, 5]","[6, 4]",False,True
1,2,6,10,2,79,59,6,0.23949999999999996,-0.417,move,ld,5,"[3, 8]","[2, 9]",False,True
0,1,6,10,2,79,60,6,0.16604999999999998,-1.133,move,ld,5,"[5, 5]","[4, 6]",False,True
1,2,6,10,2,79,60,4,0.16604999999999998,-0.083,move,z,5,"[2, 9]","[2, 9]",False,True
0,1,6,10,2,79,61,0,0.2183,1.083,move,lu,5,"[4, 6]","[3, 5]",False,True
1,2,6,10,2,79,61,15,0.2183,0.417,remove,d,5,"[2, 9]","[2, 10]",False,True
0,1,6,10,2,79,62,15,0.19485,-1.083,remove,d,2,"[3, 5]","[3, 6]",False,True
1,2,6,10,2,79,62,8,0.19485,0.75,move,rd,5,"[2, 9]","[3, 10]",False,True
0,1,6,10,2,79,63,1,0.3499,-0.55,move,u,5,"[3, 5]","[3, 4]",False,True
1,2,6,10,2,79,63,4,0.3499,-1.0,move,z,5,"[3, 10]","[3, 10]",False,True
0,1,6,10,2,79,64,12,0.29345000000000004,0.583,remove,l,2,"[3, 4]","[2, 4]",False,True
1,2,6,10,2,79,64,1,0.29345000000000004,-0.083,move,u,5,"[3, 10]","[3, 9]",False,True
0,1,6,10,2,79,65,15,0.33725000000000005,-0.383,remove,d,5,"[3, 4]","[3, 5]",False,True
1,2,6,10,2,79,65,10,0.33725000000000005,0.0,remove,u,5,"[3, 9]","[3, 8]",False,True
0,1,6,10,2,79,66,12,0.25649999999999995,-0.083,remove,l,2,"[3, 4]","[2, 4]",False,True
1,2,6,10,2,79,66,14,0.25649999999999995,0.083,remove,ld,2,"[3, 9]","[2, 10]",False,True
0,1,6,10,2,79,67,3,0.26045,-0.467,move,l,5,"[3, 4]","[2, 4]",False,True
1,2,6,10,2,79,67,15,0.26045,-0.467,remove,d,5,"[3, 9]","[3, 10]",False,True
0,1,6,10,2,79,68,12,0.26375000000000004,0.667,remove,l,2,"[2, 4]","[1, 4]",False,True
1,2,6,10,2,79,68,11,0.26375000000000004,0.5,remove,ru,2,"[3, 9]","[4, 8]",False,True
0,1,6,10,2,79,69,13,0.37964999999999993,-0.3,remove,r,5,"[2, 4]","[3, 4]",False,True
1,2,6,10,2,79,69,4,0.37964999999999993,-0.883,move,z,5,"[3, 9]","[3, 9]",False,True
0,1,6,10,2,79,70,9,0.21815000000000007,-0.167,remove,lu,2,"[2, 4]","[1, 3]",False,True
1,2,6,10,2,79,70,4,0.21815000000000007,0.75,move,z,5,"[3, 9]","[3, 9]",False,True
0,1,6,10,2,79,71,12,0.2481,-0.3,remove,l,2,"[2, 4]","[1, 4]",False,True
1,2,6,10,2,79,71,13,0.2481,-0.333,remove,r,2,"[3, 9]","[4, 9]",False,True
0,1,6,10,2,79,72,0,0.23995000000000002,-0.967,move,lu,5,"[2, 4]","[1, 3]",False,True
1,2,6,10,2,79,72,6,0.23995000000000002,0.033,move,ld,5,"[3, 9]","[2, 10]",False,True
0,1,6,10,2,79,73,16,0.24384999999999998,1.167,remove,rd,5,"[1, 3]","[2, 4]",False,True
1,2,6,10,2,79,73,10,0.24384999999999998,-0.917,remove,u,5,"[2, 10]","[2, 9]",False,True
0,1,6,10,2,79,74,16,0.2698,-0.25,remove,rd,2,"[1, 3]","[2, 4]",False,True
1,2,6,10,2,79,74,10,0.2698,0.25,remove,u,2,"[2, 10]","[2, 9]",False,True
0,1,6,10,2,79,75,3,0.23149999999999998,-1.383,move,l,5,"[1, 3]","[0, 3]",False,True
1,2,6,10,2,79,75,5,0.23149999999999998,0.117,move,r,5,"[2, 10]","[3, 10]",False,True
0,1,6,10,2,79,76,9,0.16345,0.917,remove,lu,1,"[0, 3]","[-1, 2]",False,True
1,2,6,10,2,79,76,2,0.16345,-0.667,move,ru,5,"[3, 10]","[4, 9]",False,True
0,1,6,10,2,79,77,12,0.20385,-0.817,remove,l,1,"[0, 3]","[-1, 3]",False,True
1,2,6,10,2,79,77,16,0.20385,0.917,remove,rd,2,"[4, 9]","[5, 10]",False,True
0,1,6,10,2,79,78,16,0.11550000000000002,-0.65,remove,rd,2,"[0, 3]","[1, 4]",False,True
1,2,6,10,2,79,78,10,0.11550000000000002,-0.467,remove,u,2,"[4, 9]","[4, 8]",False,True
0,1,6,10,2,79,79,14,0.32195,0.283,remove,ld,1,"[0, 3]","[-1, 4]",False,True
1,2,6,10,2,79,79,3,0.32195,-0.55,move,l,5,"[4, 9]","[3, 9]",False,True
0,1,6,10,3,45,1,6,0.19460000000000002,-0.417,move,ld,5,"[9, 6]","[8, 7]",False,True
1,2,6,10,3,45,1,9,0.19460000000000002,-0.333,remove,lu,2,"[1, 2]","[0, 1]",False,True
0,1,6,10,3,45,2,2,0.21150000000000002,0.0,move,ru,5,"[8, 7]","[9, 6]",False,True
1,2,6,10,3,45,2,1,0.21150000000000002,-0.3,move,u,5,"[1, 2]","[1, 1]",False,True
0,1,6,10,3,45,3,7,0.12614999999999998,-0.333,move,d,5,"[9, 6]","[9, 7]",False,True
1,2,6,10,3,45,3,12,0.12614999999999998,-0.333,remove,l,2,"[1, 1]","[0, 1]",False,True
0,1,6,10,3,45,4,3,0.19205,-0.167,move,l,5,"[9, 7]","[8, 7]",False,True
1,2,6,10,3,45,4,0,0.19205,-0.05,move,lu,5,"[1, 1]","[0, 0]",False,True
0,1,6,10,3,45,5,0,0.1212,0.417,move,lu,5,"[8, 7]","[7, 6]",False,True
1,2,6,10,3,45,5,2,0.1212,0.0,move,ru,1,"[0, 0]","[1, -1]",False,True
0,1,6,10,3,45,6,14,0.0799,0.167,remove,ld,2,"[7, 6]","[6, 7]",False,True
1,2,6,10,3,45,6,7,0.0799,-0.9,move,d,5,"[0, 0]","[0, 1]",False,True
0,1,6,10,3,45,7,3,0.20974999999999996,-0.467,move,l,5,"[7, 6]","[6, 6]",False,True
1,2,6,10,3,45,7,0,0.20974999999999996,0.417,move,lu,1,"[0, 1]","[-1, 0]",False,True
0,1,6,10,3,45,8,8,0.10880000000000001,0.167,move,rd,5,"[6, 6]","[7, 7]",False,True
1,2,6,10,3,45,8,9,0.10880000000000001,-0.65,remove,lu,1,"[0, 1]","[-1, 0]",False,True
0,1,6,10,3,45,9,15,0.12144999999999999,-0.25,remove,d,2,"[7, 7]","[7, 8]",False,True
1,2,6,10,3,45,9,2,0.12144999999999999,0.267,move,ru,5,"[0, 1]","[1, 0]",False,True
0,1,6,10,3,45,10,14,0.16955,-0.633,remove,ld,2,"[7, 7]","[6, 8]",False,True
1,2,6,10,3,45,10,0,0.16955,-0.167,move,lu,1,"[1, 0]","[0, -1]",False,True
0,1,6,10,3,45,11,13,0.088,-0.133,remove,r,5,"[7, 7]","[8, 7]",False,True
1,2,6,10,3,45,11,1,0.088,-0.15,move,u,1,"[1, 0]","[1, -1]",False,True
0,1,6,10,3,45,12,0,0.12250000000000001,0.417,move,lu,5,"[7, 7]","[6, 6]",False,True
1,2,6,10,3,45,12,13,0.12250000000000001,-0.483,remove,r,2,"[1, 0]","[2, 0]",False,True
0,1,6,10,3,45,13,8,0.09805000000000001,-0.25,move,rd,5,"[6, 6]","[7, 7]",False,True
1,2,6,10,3,45,13,11,0.09805000000000001,-0.55,remove,ru,1,"[1, 0]","[2, -1]",False,True
0,1,6,10,3,45,14,12,0.08929999999999999,0.333,remove,l,2,"[7, 7]","[6, 7]",False,True
1,2,6,10,3,45,14,1,0.08929999999999999,-0.65,move,u,1,"[1, 0]","[1, -1]",False,True
0,1,6,10,3,45,15,15,0.08850000000000001,-0.717,remove,d,2,"[7, 7]","[7, 8]",False,True
1,2,6,10,3,45,15,0,0.08850000000000001,-0.067,move,lu,1,"[1, 0]","[0, -1]",False,True
0,1,6,10,3,45,16,8,0.07575,0.033,move,rd,5,"[7, 7]","[8, 8]",False,True
1,2,6,10,3,45,16,12,0.07575,-0.15,remove,l,5,"[1, 0]","[0, 0]",False,True
0,1,6,10,3,45,17,6,0.09275,-0.333,move,ld,1,"[8, 8]","[7, 9]",False,True
1,2,6,10,3,45,17,16,0.09275,-0.167,remove,rd,2,"[1, 0]","[2, 1]",False,True
0,1,6,10,3,45,18,2,0.12189999999999998,-0.567,move,ru,5,"[8, 8]","[9, 7]",False,True
1,2,6,10,3,45,18,12,0.12189999999999998,-0.717,remove,l,2,"[1, 0]","[0, 0]",False,True
0,1,6,10,3,45,19,6,0.20010000000000003,0.5,move,ld,5,"[9, 7]","[8, 8]",False,True
1,2,6,10,3,45,19,10,0.20010000000000003,-0.217,remove,u,1,"[1, 0]","[1, -1]",False,True
0,1,6,10,3,45,20,0,0.12380000000000002,0.083,move,lu,5,"[8, 8]","[7, 7]",False,True
1,2,6,10,3,45,20,3,0.12380000000000002,-0.4,move,l,5,"[1, 0]","[0, 0]",False,True
0,1,6,10,3,45,21,4,0.13655000000000003,-0.333,move,z,5,"[7, 7]","[7, 7]",False,True
1,2,6,10,3,45,21,14,0.13655000000000003,-0.417,remove,ld,1,"[0, 0]","[-1, 1]",False,True
0,1,6,10,3,45,22,6,0.0733,-0.25,move,ld,5,"[7, 7]","[6, 8]",False,True
1,2,6,10,3,45,22,9,0.0733,0.767,remove,lu,1,"[0, 0]","[-1, -1]",False,True
0,1,6,10,3,45,23,9,0.20895000000000002,0.833,remove,lu,2,"[6, 8]","[5, 7]",False,True
1,2,6,10,3,45,23,16,0.20895000000000002,-0.733,remove,rd,5,"[0, 0]","[1, 1]",False,True
0,1,6,10,3,45,24,4,0.13604999999999998,-0.3,move,z,5,"[6, 8]","[6, 8]",False,True
1,2,6,10,3,45,24,2,0.13604999999999998,-0.25,move,ru,1,"[0, 0]","[1, -1]",False,True
0,1,6,10,3,45,25,1,0.14054999999999998,-0.917,move,u,5,"[6, 8]","[6, 7]",False,True
1,2,6,10,3,45,25,14,0.14054999999999998,-0.65,remove,ld,1,"[0, 0]","[-1, 1]",False,True
0,1,6,10,3,45,26,6,0.1461,0.25,move,ld,5,"[6, 7]","[5, 8]",False,True
1,2,6,10,3,45,26,3,0.1461,-0.317,move,l,1,"[0, 0]","[-1, 0]",False,True
0,1,6,10,3,45,27,5,0.1325,0.583,move,r,5,"[5, 8]","[6, 8]",False,True
1,2,6,10,3,45,27,13,0.1325,-0.233,remove,r,5,"[0, 0]","[1, 0]",False,True
0,1,6,10,3,45,28,14,0.19449999999999998,-0.667,remove,ld,1,"[6, 8]","[5, 9]",False,True
1,2,6,10,3,45,28,13,0.19449999999999998,-0.167,remove,r,2,"[0, 0]","[1, 0]",False,True
0,1,6,10,3,45,29,14,0.19735,-0.233,remove,ld,1,"[6, 8]","[5, 9]",False,True
1,2,6,10,3,45,29,0,0.19735,-0.217,move,lu,1,"[0, 0]","[-1, -1]",False,True
0,1,6,10,3,45,30,16,0.15619999999999998,-0.233,remove,rd,1,"[6, 8]","[7, 9]",False,True
1,2,6,10,3,45,30,12,0.15619999999999998,-0.483,remove,l,1,"[0, 0]","[-1, 0]",False,True
0,1,6,10,3,45,31,6,0.0945,-0.65,move,ld,1,"[6, 8]","[5, 9]",False,True
1,2,6,10,3,45,31,16,0.0945,-0.483,remove,rd,2,"[0, 0]","[1, 1]",False,True
0,1,6,10,3,45,32,3,0.13775,0.017,move,l,5,"[6, 8]","[5, 8]",False,True
1,2,6,10,3,45,32,5,0.13775,0.033,move,r,5,"[0, 0]","[1, 0]",False,True
0,1,6,10,3,45,33,6,0.10494999999999999,0.0,move,ld,1,"[5, 8]","[4, 9]",False,True
1,2,6,10,3,45,33,1,0.10494999999999999,0.083,move,u,1,"[1, 0]","[1, -1]",False,True
0,1,6,10,3,45,34,10,0.20705,-0.233,remove,u,2,"[5, 8]","[5, 7]",False,True
1,2,6,10,3,45,34,12,0.20705,-0.733,remove,l,5,"[1, 0]","[0, 0]",False,True
0,1,6,10,3,45,35,0,0.18605,-0.383,move,lu,5,"[5, 8]","[4, 7]",False,True
1,2,6,10,3,45,35,16,0.18605,0.25,remove,rd,2,"[1, 0]","[2, 1]",False,True
0,1,6,10,3,45,36,14,0.15904999999999997,-0.75,remove,ld,2,"[4, 7]","[3, 8]",False,True
1,2,6,10,3,45,36,14,0.15904999999999997,-0.967,remove,ld,5,"[1, 0]","[0, 1]",False,True
0,1,6,10,3,45,37,14,0.14115,0.617,remove,ld,2,"[4, 7]","[3, 8]",False,True
1,2,6,10,3,45,37,10,0.14115,0.5,remove,u,1,"[1, 0]","[1, -1]",False,True
0,1,6,10,3,45,38,4,0.18145000000000003,-0.717,move,z,5,"[4, 7]","[4, 7]",False,True
1,2,6,10,3,45,38,9,0.18145000000000003,-0.4,remove,lu,1,"[1, 0]","[0, -1]",False,True
0,1,6,10,3,45,39,3,0.10049999999999999,-0.333,move,l,5,"[4, 7]","[3, 7]",False,True
1,2,6,10,3,45,39,6,0.10049999999999999,-0.15,move,ld,5,"[1, 0]","[0, 1]",False,True
0,1,6,10,3,45,40,0,0.1236,-0.167,move,lu,5,"[3, 7]","[2, 6]",False,True
1,2,6,10,3,45,40,10,0.1236,-0.667,remove,u,2,"[0, 1]","[0, 0]",False,True
0,1,6,10,3,45,41,8,0.12470000000000003,0.083,move,rd,5,"[2, 6]","[3, 7]",False,True
1,2,6,10,3,45,41,0,0.12470000000000003,0.283,move,lu,1,"[0, 1]","[-1, 0]",False,True
0,1,6,10,3,45,42,6,0.10414999999999996,0.333,move,ld,5,"[3, 7]","[2, 8]",False,True
1,2,6,10,3,45,42,15,0.10414999999999996,-0.317,remove,d,2,"[0, 1]","[0, 2]",False,True
0,1,6,10,3,45,43,8,0.074,-0.167,move,rd,1,"[2, 8]","[3, 9]",False,True
1,2,6,10,3,45,43,5,0.074,-0.133,move,r,5,"[0, 1]","[1, 1]",False,True
0,1,6,10,3,45,44,9,0.1055,0.267,remove,lu,2,"[2, 8]","[1, 7]",False,True
1,2,6,10,3,45,44,7,0.1055,-0.5,move,d,5,"[1, 1]","[1, 2]",False,True
0,1,6,10,3,45,45,5,0.11844999999999999,-0.05,move,r,5,"[2, 8]","[3, 8]",False,True
1,2,6,10,3,45,45,9,0.11844999999999999,0.167,remove,lu,5,"[1, 2]","[0, 1]",False,True
0,1,6,10,4,66,1,9,0.13814999999999997,-0.333,remove,lu,2,"[8, 8]","[7, 7]",False,True
1,2,6,10,4,66,1,10,0.13814999999999997,-0.5,remove,u,2,"[1, 2]","[1, 1]",False,True
0,1,6,10,4,66,2,13,0.10329999999999999,-0.467,remove,r,2,"[8, 8]","[9, 8]",False,True
1,2,6,10,4,66,2,9,0.10329999999999999,-0.217,remove,lu,2,"[1, 2]","[0, 1]",False,True
0,1,6,10,4,66,3,8,0.11969999999999999,-0.133,move,rd,5,"[8, 8]","[9, 9]",False,True
1,2,6,10,4,66,3,15,0.11969999999999999,-0.3,remove,d,2,"[1, 2]","[1, 3]",False,True
0,1,6,10,4,66,4,15,0.09455,0.083,remove,d,2,"[9, 9]","[9, 10]",False,True
1,2,6,10,4,66,4,4,0.09455,-0.3,move,z,5,"[1, 2]","[1, 2]",False,True
0,1,6,10,4,66,5,6,0.09705000000000001,-0.217,move,ld,5,"[9, 9]","[8, 10]",False,True
1,2,6,10,4,66,5,4,0.09705000000000001,-0.167,move,z,5,"[1, 2]","[1, 2]",False,True
0,1,6,10,4,66,6,2,0.03980000000000001,-0.417,move,ru,5,"[8, 10]","[9, 9]",False,True
1,2,6,10,4,66,6,3,0.03980000000000001,-0.083,move,l,5,"[1, 2]","[0, 2]",False,True
0,1,6,10,4,66,7,6,0.03575,0.083,move,ld,5,"[9, 9]","[8, 10]",False,True
1,2,6,10,4,66,7,8,0.03575,0.5,move,rd,5,"[0, 2]","[1, 3]",False,True
0,1,6,10,4,66,8,11,0.0442,0.083,remove,ru,5,"[8, 10]","[9, 9]",False,True
1,2,6,10,4,66,8,16,0.0442,-0.25,remove,rd,2,"[1, 3]","[2, 4]",False,True
0,1,6,10,4,66,9,3,0.04730000000000001,-0.083,move,l,5,"[8, 10]","[7, 10]",False,True
1,2,6,10,4,66,9,12,0.04730000000000001,-0.133,remove,l,2,"[1, 3]","[0, 3]",False,True
0,1,6,10,4,66,10,6,0.03665,-0.167,move,ld,1,"[7, 10]","[6, 11]",False,True
1,2,6,10,4,66,10,15,0.03665,-0.3,remove,d,2,"[1, 3]","[1, 4]",False,True
0,1,6,10,4,66,11,1,0.0347,-0.067,move,u,5,"[7, 10]","[7, 9]",False,True
1,2,6,10,4,66,11,6,0.0347,-0.383,move,ld,5,"[1, 3]","[0, 4]",False,True
0,1,6,10,4,66,12,11,0.04080000000000001,-0.167,remove,ru,5,"[7, 9]","[8, 8]",False,True
1,2,6,10,4,66,12,3,0.04080000000000001,0.0,move,l,1,"[0, 4]","[-1, 4]",False,True
0,1,6,10,4,66,13,3,0.0523,0.083,move,l,5,"[7, 9]","[6, 9]",False,True
1,2,6,10,4,66,13,5,0.0523,-0.567,move,r,5,"[0, 4]","[1, 4]",False,True
0,1,6,10,4,66,14,10,0.027100000000000003,0.083,remove,u,2,"[6, 9]","[6, 8]",False,True
1,2,6,10,4,66,14,8,0.027100000000000003,-0.167,move,rd,5,"[1, 4]","[2, 5]",False,True
0,1,6,10,4,66,15,7,0.03305000000000001,-0.3,move,d,5,"[6, 9]","[6, 10]",False,True
1,2,6,10,4,66,15,0,0.03305000000000001,0.417,move,lu,5,"[2, 5]","[1, 4]",False,True
0,1,6,10,4,66,16,10,0.0494,0.0,remove,u,5,"[6, 10]","[6, 9]",False,True
1,2,6,10,4,66,16,8,0.0494,-0.083,move,rd,5,"[1, 4]","[2, 5]",False,True
0,1,6,10,4,66,17,12,0.03600000000000001,-0.417,remove,l,2,"[6, 10]","[5, 10]",False,True
1,2,6,10,4,66,17,0,0.03600000000000001,0.333,move,lu,5,"[2, 5]","[1, 4]",False,True
0,1,6,10,4,66,18,9,0.045,0.117,remove,lu,2,"[6, 10]","[5, 9]",False,True
1,2,6,10,4,66,18,5,0.045,-0.333,move,r,5,"[1, 4]","[2, 4]",False,True
0,1,6,10,4,66,19,13,0.06300000000000001,-0.467,remove,r,5,"[6, 10]","[7, 10]",False,True
1,2,6,10,4,66,19,12,0.06300000000000001,-0.25,remove,l,5,"[2, 4]","[1, 4]",False,True
0,1,6,10,4,66,20,0,0.048350000000000004,0.0,move,lu,5,"[6, 10]","[5, 9]",False,True
1,2,6,10,4,66,20,12,0.048350000000000004,0.0,remove,l,2,"[2, 4]","[1, 4]",False,True
0,1,6,10,4,66,21,13,0.05425000000000001,-0.333,remove,r,2,"[5, 9]","[6, 9]",False,True
1,2,6,10,4,66,21,15,0.05425000000000001,0.2,remove,d,5,"[2, 4]","[2, 5]",False,True
0,1,6,10,4,66,22,2,0.049,0.117,move,ru,5,"[5, 9]","[6, 8]",False,True
1,2,6,10,4,66,22,14,0.049,-0.25,remove,ld,2,"[2, 4]","[1, 5]",False,True
0,1,6,10,4,66,23,7,0.05045000000000001,-0.5,move,d,5,"[6, 8]","[6, 9]",False,True
1,2,6,10,4,66,23,13,0.05045000000000001,-0.467,remove,r,2,"[2, 4]","[3, 4]",False,True
0,1,6,10,4,66,24,1,0.08570000000000001,0.917,move,u,5,"[6, 9]","[6, 8]",False,True
1,2,6,10,4,66,24,10,0.08570000000000001,-0.217,remove,u,2,"[2, 4]","[2, 3]",False,True
0,1,6,10,4,66,25,13,0.0501,-0.167,remove,r,2,"[6, 8]","[7, 8]",False,True
1,2,6,10,4,66,25,8,0.0501,-0.133,move,rd,5,"[2, 4]","[3, 5]",False,True
0,1,6,10,4,66,26,1,0.10524999999999998,-0.383,move,u,5,"[6, 8]","[6, 7]",False,True
1,2,6,10,4,66,26,10,0.10524999999999998,-0.333,remove,u,2,"[3, 5]","[3, 4]",False,True
0,1,6,10,4,66,27,9,0.06494999999999998,0.417,remove,lu,2,"[6, 7]","[5, 6]",False,True
1,2,6,10,4,66,27,8,0.06494999999999998,-0.633,move,rd,5,"[3, 5]","[4, 6]",False,True
0,1,6,10,4,66,28,8,0.0763,-1.133,move,rd,5,"[6, 7]","[7, 8]",False,True
1,2,6,10,4,66,28,0,0.0763,0.667,move,lu,5,"[4, 6]","[3, 5]",False,True
0,1,6,10,4,66,29,9,0.13479999999999998,0.333,remove,lu,5,"[7, 8]","[6, 7]",False,True
1,2,6,10,4,66,29,13,0.13479999999999998,-0.417,remove,r,2,"[3, 5]","[4, 5]",False,True
0,1,6,10,4,66,30,10,0.11239999999999999,0.167,remove,u,2,"[7, 8]","[7, 7]",False,True
1,2,6,10,4,66,30,6,0.11239999999999999,-0.383,move,ld,5,"[3, 5]","[2, 6]",False,True
0,1,6,10,4,66,31,8,0.0937,0.033,move,rd,5,"[7, 8]","[8, 9]",False,True
1,2,6,10,4,66,31,8,0.0937,0.417,move,rd,5,"[2, 6]","[3, 7]",False,True
0,1,6,10,4,66,32,2,0.11880000000000002,-0.167,move,ru,5,"[8, 9]","[9, 8]",False,True
1,2,6,10,4,66,32,9,0.11880000000000002,0.0,remove,lu,5,"[3, 7]","[2, 6]",False,True
0,1,6,10,4,66,33,1,0.11525,0.167,move,u,5,"[9, 8]","[9, 7]",False,True
1,2,6,10,4,66,33,12,0.11525,-0.167,remove,l,2,"[3, 7]","[2, 7]",False,True
0,1,6,10,4,66,34,8,0.1078,-0.5,move,rd,1,"[9, 7]","[10, 8]",False,True
1,2,6,10,4,66,34,7,0.1078,-0.217,move,d,5,"[3, 7]","[3, 8]",False,True
0,1,6,10,4,66,35,2,0.09705,-0.483,move,ru,1,"[9, 7]","[10, 6]",False,True
1,2,6,10,4,66,35,3,0.09705,0.0,move,l,5,"[3, 8]","[2, 8]",False,True
0,1,6,10,4,66,36,14,0.16055,-0.15,remove,ld,2,"[9, 7]","[8, 8]",False,True
1,2,6,10,4,66,36,13,0.16055,0.417,remove,r,5,"[2, 8]","[3, 8]",False,True
0,1,6,10,4,66,37,3,0.0746,-0.55,move,l,5,"[9, 7]","[8, 7]",False,True
1,2,6,10,4,66,37,5,0.0746,-0.167,move,r,5,"[2, 8]","[3, 8]",False,True
0,1,6,10,4,66,38,1,0.07425000000000001,-0.417,move,u,5,"[8, 7]","[8, 6]",False,True
1,2,6,10,4,66,38,15,0.07425000000000001,-0.25,remove,d,2,"[3, 8]","[3, 9]",False,True
0,1,6,10,4,66,39,3,0.11320000000000001,0.417,move,l,5,"[8, 6]","[7, 6]",False,True
1,2,6,10,4,66,39,3,0.11320000000000001,0.033,move,l,5,"[3, 8]","[2, 8]",False,True
0,1,6,10,4,66,40,15,0.12309999999999999,-0.417,remove,d,2,"[7, 6]","[7, 7]",False,True
1,2,6,10,4,66,40,3,0.12309999999999999,-0.333,move,l,5,"[2, 8]","[1, 8]",False,True
0,1,6,10,4,66,41,10,0.11925,-0.133,remove,u,2,"[7, 6]","[7, 5]",False,True
1,2,6,10,4,66,41,2,0.11925,0.083,move,ru,5,"[1, 8]","[2, 7]",False,True
0,1,6,10,4,66,42,2,0.12730000000000002,0.033,move,ru,5,"[7, 6]","[8, 5]",False,True
1,2,6,10,4,66,42,14,0.12730000000000002,-0.333,remove,ld,5,"[2, 7]","[1, 8]",False,True
0,1,6,10,4,66,43,11,0.10429999999999999,0.917,remove,ru,2,"[8, 5]","[9, 4]",False,True
1,2,6,10,4,66,43,4,0.10429999999999999,0.5,move,z,5,"[2, 7]","[2, 7]",False,True
0,1,6,10,4,66,44,14,0.13074999999999998,-1.383,remove,ld,5,"[8, 5]","[7, 6]",False,True
1,2,6,10,4,66,44,3,0.13074999999999998,0.333,move,l,5,"[2, 7]","[1, 7]",False,True
0,1,6,10,4,66,45,1,0.13695000000000002,0.167,move,u,5,"[8, 5]","[8, 4]",False,True
1,2,6,10,4,66,45,9,0.13695000000000002,0.333,remove,lu,2,"[1, 7]","[0, 6]",False,True
0,1,6,10,4,66,46,10,0.1315,-0.25,remove,u,2,"[8, 4]","[8, 3]",False,True
1,2,6,10,4,66,46,16,0.1315,-0.717,remove,rd,5,"[1, 7]","[2, 8]",False,True
0,1,6,10,4,66,47,1,0.13355,-0.05,move,u,5,"[8, 4]","[8, 3]",False,True
1,2,6,10,4,66,47,0,0.13355,-0.667,move,lu,5,"[1, 7]","[0, 6]",False,True
0,1,6,10,4,66,48,16,0.18279999999999996,0.0,remove,rd,2,"[8, 3]","[9, 4]",False,True
1,2,6,10,4,66,48,6,0.18279999999999996,0.0,move,ld,1,"[0, 6]","[-1, 7]",False,True
0,1,6,10,4,66,49,13,0.17639999999999997,-0.133,remove,r,2,"[8, 3]","[9, 3]",False,True
1,2,6,10,4,66,49,12,0.17639999999999997,-0.067,remove,l,1,"[0, 6]","[-1, 6]",False,True
0,1,6,10,4,66,50,7,0.14145,-0.383,move,d,5,"[8, 3]","[8, 4]",False,True
1,2,6,10,4,66,50,3,0.14145,-1.067,move,l,1,"[0, 6]","[-1, 6]",False,True
0,1,6,10,4,66,51,14,0.13265,0.5,remove,ld,2,"[8, 4]","[7, 5]",False,True
1,2,6,10,4,66,51,14,0.13265,-0.317,remove,ld,1,"[0, 6]","[-1, 7]",False,True
0,1,6,10,4,66,52,15,0.19119999999999998,-0.3,remove,d,5,"[8, 4]","[8, 5]",False,True
1,2,6,10,4,66,52,15,0.19119999999999998,0.267,remove,d,2,"[0, 6]","[0, 7]",False,True
0,1,6,10,4,66,53,6,0.20595,-0.917,move,ld,5,"[8, 4]","[7, 5]",False,True
1,2,6,10,4,66,53,9,0.20595,-0.717,remove,lu,1,"[0, 6]","[-1, 5]",False,True
0,1,6,10,4,66,54,12,0.12014999999999998,0.25,remove,l,2,"[7, 5]","[6, 5]",False,True
1,2,6,10,4,66,54,0,0.12014999999999998,-0.817,move,lu,1,"[0, 6]","[-1, 5]",False,True
0,1,6,10,4,66,55,5,0.13655,-0.467,move,r,5,"[7, 5]","[8, 5]",False,True
1,2,6,10,4,66,55,13,0.13655,-0.317,remove,r,2,"[0, 6]","[1, 6]",False,True
0,1,6,10,4,66,56,1,0.17150000000000004,0.583,move,u,5,"[8, 5]","[8, 4]",False,True
1,2,6,10,4,66,56,12,0.17150000000000004,1.117,remove,l,1,"[0, 6]","[-1, 6]",False,True
0,1,6,10,4,66,57,13,0.21280000000000002,-0.583,remove,r,2,"[8, 4]","[9, 4]",False,True
1,2,6,10,4,66,57,13,0.21280000000000002,-0.65,remove,r,2,"[0, 6]","[1, 6]",False,True
0,1,6,10,4,66,58,1,0.1511,0.2,move,u,5,"[8, 4]","[8, 3]",False,True
1,2,6,10,4,66,58,0,0.1511,-1.217,move,lu,1,"[0, 6]","[-1, 5]",False,True
0,1,6,10,4,66,59,2,0.14484999999999998,-0.5,move,ru,5,"[8, 3]","[9, 2]",False,True
1,2,6,10,4,66,59,2,0.14484999999999998,0.433,move,ru,5,"[0, 6]","[1, 5]",False,True
0,1,6,10,4,66,60,3,0.09399999999999996,0.167,move,l,5,"[9, 2]","[8, 2]",False,True
1,2,6,10,4,66,60,8,0.09399999999999996,-0.25,move,rd,5,"[1, 5]","[2, 6]",False,True
0,1,6,10,4,66,61,14,0.24585000000000004,0.25,remove,ld,2,"[8, 2]","[7, 3]",False,True
1,2,6,10,4,66,61,7,0.24585000000000004,0.083,move,d,5,"[2, 6]","[2, 7]",False,True
0,1,6,10,4,66,62,0,0.16175,-0.383,move,lu,5,"[8, 2]","[7, 1]",False,True
1,2,6,10,4,66,62,16,0.16175,-0.333,remove,rd,5,"[2, 7]","[3, 8]",False,True
0,1,6,10,4,66,63,1,0.17635,-0.75,move,u,5,"[7, 1]","[7, 0]",False,True
1,2,6,10,4,66,63,11,0.17635,0.75,remove,ru,2,"[2, 7]","[3, 6]",False,True
0,1,6,10,4,66,64,4,0.18440000000000004,0.167,move,z,5,"[7, 0]","[7, 0]",False,True
1,2,6,10,4,66,64,14,0.18440000000000004,-0.633,remove,ld,2,"[2, 7]","[1, 8]",False,True
0,1,6,10,4,66,65,14,0.191,0.5,remove,ld,2,"[7, 0]","[6, 1]",False,True
1,2,6,10,4,66,65,12,0.191,-0.883,remove,l,5,"[2, 7]","[1, 7]",False,True
0,1,6,10,4,66,66,15,0.18375000000000002,-0.05,remove,d,5,"[7, 0]","[7, 1]",False,True
1,2,6,10,4,66,66,0,0.18375000000000002,0.583,move,lu,5,"[2, 7]","[1, 6]",False,True
0,1,6,10,5,62,1,6,0.1868,-0.333,move,ld,5,"[1, 1]","[0, 2]",False,True
1,2,6,10,5,62,1,1,0.1868,-0.5,move,u,5,"[6, 7]","[6, 6]",False,True
0,1,6,10,5,62,2,16,0.10300000000000001,-0.5,remove,rd,2,"[0, 2]","[1, 3]",False,True
1,2,6,10,5,62,2,8,0.10300000000000001,0.333,move,rd,5,"[6, 6]","[7, 7]",False,True
0,1,6,10,5,62,3,10,0.22264999999999996,-0.217,remove,u,2,"[0, 2]","[0, 1]",False,True
1,2,6,10,5,62,3,12,0.22264999999999996,-0.083,remove,l,5,"[7, 7]","[6, 7]",False,True
0,1,6,10,5,62,4,14,0.1857,0.2,remove,ld,1,"[0, 2]","[-1, 3]",False,True
1,2,6,10,5,62,4,6,0.1857,-0.333,move,ld,5,"[7, 7]","[6, 8]",False,True
0,1,6,10,5,62,5,2,0.35534999999999994,-0.65,move,ru,5,"[0, 2]","[1, 1]",False,True
1,2,6,10,5,62,5,5,0.35534999999999994,0.0,move,r,5,"[6, 8]","[7, 8]",False,True
0,1,6,10,5,62,6,5,0.15094999999999997,0.083,move,r,5,"[1, 1]","[2, 1]",False,True
1,2,6,10,5,62,6,12,0.15094999999999997,0.25,remove,l,5,"[7, 8]","[6, 8]",False,True
0,1,6,10,5,62,7,8,0.14585,0.083,move,rd,5,"[2, 1]","[3, 2]",False,True
1,2,6,10,5,62,7,0,0.14585,-0.083,move,lu,5,"[7, 8]","[6, 7]",False,True
0,1,6,10,5,62,8,15,0.25775000000000003,0.25,remove,d,2,"[3, 2]","[3, 3]",False,True
1,2,6,10,5,62,8,1,0.25775000000000003,0.0,move,u,5,"[6, 7]","[6, 6]",False,True
0,1,6,10,5,62,9,5,0.26159999999999994,-0.55,move,r,5,"[3, 2]","[4, 2]",False,True
1,2,6,10,5,62,9,6,0.26159999999999994,-0.25,move,ld,5,"[6, 6]","[5, 7]",False,True
0,1,6,10,5,62,10,16,0.12434999999999999,0.0,remove,rd,2,"[4, 2]","[5, 3]",False,True
1,2,6,10,5,62,10,16,0.12434999999999999,0.0,remove,rd,2,"[5, 7]","[6, 8]",False,True
0,1,6,10,5,62,11,6,0.10135000000000001,-0.717,move,ld,5,"[4, 2]","[3, 3]",False,True
1,2,6,10,5,62,11,14,0.10135000000000001,-0.3,remove,ld,2,"[5, 7]","[4, 8]",False,True
0,1,6,10,5,62,12,8,0.11549999999999996,0.417,move,rd,5,"[3, 3]","[4, 4]",False,True
1,2,6,10,5,62,12,3,0.11549999999999996,0.283,move,l,5,"[5, 7]","[4, 7]",False,True
0,1,6,10,5,62,13,15,0.12379999999999998,0.0,remove,d,2,"[4, 4]","[4, 5]",False,True
1,2,6,10,5,62,13,14,0.12379999999999998,-0.417,remove,ld,2,"[4, 7]","[3, 8]",False,True
0,1,6,10,5,62,14,14,0.11960000000000001,-0.133,remove,ld,2,"[4, 4]","[3, 5]",False,True
1,2,6,10,5,62,14,9,0.11960000000000001,0.033,remove,lu,2,"[4, 7]","[3, 6]",False,True
0,1,6,10,5,62,15,1,0.18460000000000001,-0.883,move,u,5,"[4, 4]","[4, 3]",False,True
1,2,6,10,5,62,15,8,0.18460000000000001,-0.717,move,rd,5,"[4, 7]","[5, 8]",False,True
0,1,6,10,5,62,16,15,0.08990000000000001,0.25,remove,d,5,"[4, 3]","[4, 4]",False,True
1,2,6,10,5,62,16,5,0.08990000000000001,0.0,move,r,5,"[5, 8]","[6, 8]",False,True
0,1,6,10,5,62,17,0,0.10464999999999999,-0.25,move,lu,5,"[4, 3]","[3, 2]",False,True
1,2,6,10,5,62,17,11,0.10464999999999999,0.5,remove,ru,5,"[6, 8]","[7, 7]",False,True
0,1,6,10,5,62,18,0,0.194,0.417,move,lu,5,"[3, 2]","[2, 1]",False,True
1,2,6,10,5,62,18,12,0.194,-0.583,remove,l,5,"[6, 8]","[5, 8]",False,True
0,1,6,10,5,62,19,5,0.08735,0.167,move,r,5,"[2, 1]","[3, 1]",False,True
1,2,6,10,5,62,19,4,0.08735,-0.167,move,z,5,"[6, 8]","[6, 8]",False,True
0,1,6,10,5,62,20,11,0.10174999999999998,-0.5,remove,ru,2,"[3, 1]","[4, 0]",False,True
1,2,6,10,5,62,20,8,0.10174999999999998,0.083,move,rd,1,"[6, 8]","[7, 9]",False,True
0,1,6,10,5,62,21,4,0.09495,-0.133,move,z,5,"[3, 1]","[3, 1]",False,True
1,2,6,10,5,62,21,15,0.09495,-0.317,remove,d,1,"[6, 8]","[6, 9]",False,True
0,1,6,10,5,62,22,9,0.11459999999999997,0.75,remove,lu,2,"[3, 1]","[2, 0]",False,True
1,2,6,10,5,62,22,7,0.11459999999999997,-0.317,move,d,1,"[6, 8]","[6, 9]",False,True
0,1,6,10,5,62,23,5,0.14635,-1.133,move,r,5,"[3, 1]","[4, 1]",False,True
1,2,6,10,5,62,23,0,0.14635,-0.15,move,lu,5,"[6, 8]","[5, 7]",False,True
0,1,6,10,5,62,24,15,0.1497,0.583,remove,d,5,"[4, 1]","[4, 2]",False,True
1,2,6,10,5,62,24,13,0.1497,-0.25,remove,r,5,"[5, 7]","[6, 7]",False,True
0,1,6,10,5,62,25,15,0.1247,-0.167,remove,d,2,"[4, 1]","[4, 2]",False,True
1,2,6,10,5,62,25,3,0.1247,0.0,move,l,5,"[5, 7]","[4, 7]",False,True
0,1,6,10,5,62,26,4,0.2104,-0.883,move,z,5,"[4, 1]","[4, 1]",False,True
1,2,6,10,5,62,26,10,0.2104,0.583,remove,u,2,"[4, 7]","[4, 6]",False,True
0,1,6,10,5,62,27,14,0.211,0.333,remove,ld,5,"[4, 1]","[3, 2]",False,True
1,2,6,10,5,62,27,4,0.211,-1.217,move,z,5,"[4, 7]","[4, 7]",False,True
0,1,6,10,5,62,28,15,0.11255,0.167,remove,d,2,"[4, 1]","[4, 2]",False,True
1,2,6,10,5,62,28,3,0.11255,0.667,move,l,5,"[4, 7]","[3, 7]",False,True
0,1,6,10,5,62,29,6,0.09634999999999998,-0.05,move,ld,5,"[4, 1]","[3, 2]",False,True
1,2,6,10,5,62,29,7,0.09634999999999998,-0.167,move,d,5,"[3, 7]","[3, 8]",False,True
0,1,6,10,5,62,30,11,0.11955000000000002,-0.167,remove,ru,5,"[3, 2]","[4, 1]",False,True
1,2,6,10,5,62,30,8,0.11955000000000002,-0.167,move,rd,1,"[3, 8]","[4, 9]",False,True
0,1,6,10,5,62,31,16,0.19444999999999996,-0.333,remove,rd,5,"[3, 2]","[4, 3]",False,True
1,2,6,10,5,62,31,9,0.19444999999999996,-0.817,remove,lu,2,"[3, 8]","[2, 7]",False,True
0,1,6,10,5,62,32,10,0.14665,0.25,remove,u,5,"[3, 2]","[3, 1]",False,True
1,2,6,10,5,62,32,1,0.14665,0.033,move,u,5,"[3, 8]","[3, 7]",False,True
0,1,6,10,5,62,33,10,0.22675,-0.5,remove,u,2,"[3, 2]","[3, 1]",False,True
1,2,6,10,5,62,33,3,0.22675,0.417,move,l,5,"[3, 7]","[2, 7]",False,True
0,1,6,10,5,62,34,4,0.15330000000000002,0.033,move,z,5,"[3, 2]","[3, 2]",False,True
1,2,6,10,5,62,34,15,0.15330000000000002,-0.333,remove,d,2,"[2, 7]","[2, 8]",False,True
0,1,6,10,5,62,35,5,0.23619999999999997,0.083,move,r,5,"[3, 2]","[4, 2]",False,True
1,2,6,10,5,62,35,3,0.23619999999999997,-0.383,move,l,5,"[2, 7]","[1, 7]",False,True
0,1,6,10,5,62,36,4,0.21525000000000002,-0.417,move,z,5,"[4, 2]","[4, 2]",False,True
1,2,6,10,5,62,36,4,0.21525000000000002,0.333,move,z,5,"[1, 7]","[1, 7]",False,True
0,1,6,10,5,62,37,13,0.14155,0.417,remove,r,2,"[4, 2]","[5, 2]",False,True
1,2,6,10,5,62,37,4,0.14155,-0.417,move,z,5,"[1, 7]","[1, 7]",False,True
0,1,6,10,5,62,38,5,0.13175000000000003,0.117,move,r,5,"[4, 2]","[5, 2]",False,True
1,2,6,10,5,62,38,14,0.13175000000000003,-0.167,remove,ld,2,"[1, 7]","[0, 8]",False,True
0,1,6,10,5,62,39,6,0.11890000000000003,-0.25,move,ld,5,"[5, 2]","[4, 3]",False,True
1,2,6,10,5,62,39,7,0.11890000000000003,-0.3,move,d,5,"[1, 7]","[1, 8]",False,True
0,1,6,10,5,62,40,13,0.1306,-0.417,remove,r,2,"[4, 3]","[5, 3]",False,True
1,2,6,10,5,62,40,13,0.1306,0.5,remove,r,2,"[1, 8]","[2, 8]",False,True
0,1,6,10,5,62,41,16,0.0757,-0.133,remove,rd,2,"[4, 3]","[5, 4]",False,True
1,2,6,10,5,62,41,14,0.0757,-0.133,remove,ld,1,"[1, 8]","[0, 9]",False,True
0,1,6,10,5,62,42,4,0.0879,-0.3,move,z,5,"[4, 3]","[4, 3]",False,True
1,2,6,10,5,62,42,15,0.0879,-0.567,remove,d,1,"[1, 8]","[1, 9]",False,True
0,1,6,10,5,62,43,7,0.058950000000000016,0.25,move,d,5,"[4, 3]","[4, 4]",False,True
1,2,6,10,5,62,43,4,0.058950000000000016,-0.067,move,z,5,"[1, 8]","[1, 8]",False,True
0,1,6,10,5,62,44,6,0.10470000000000002,-0.333,move,ld,5,"[4, 4]","[3, 5]",False,True
1,2,6,10,5,62,44,8,0.10470000000000002,-0.417,move,rd,1,"[1, 8]","[2, 9]",False,True
0,1,6,10,5,62,45,3,0.09684999999999999,0.167,move,l,5,"[3, 5]","[2, 5]",False,True
1,2,6,10,5,62,45,14,0.09684999999999999,0.017,remove,ld,1,"[1, 8]","[0, 9]",False,True
0,1,6,10,5,62,46,4,0.07405,0.5,move,z,5,"[2, 5]","[2, 5]",False,True
1,2,6,10,5,62,46,9,0.07405,-1.15,remove,lu,2,"[1, 8]","[0, 7]",False,True
0,1,6,10,5,62,47,6,0.0746,-0.167,move,ld,5,"[2, 5]","[1, 6]",False,True
1,2,6,10,5,62,47,2,0.0746,0.033,move,ru,5,"[1, 8]","[2, 7]",False,True
0,1,6,10,5,62,48,2,0.04925000000000001,-0.5,move,ru,5,"[1, 6]","[2, 5]",False,True
1,2,6,10,5,62,48,5,0.04925000000000001,-0.167,move,r,5,"[2, 7]","[3, 7]",False,True
0,1,6,10,5,62,49,13,0.0716,0.0,remove,r,5,"[2, 5]","[3, 5]",False,True
1,2,6,10,5,62,49,12,0.0716,0.25,remove,l,5,"[3, 7]","[2, 7]",False,True
0,1,6,10,5,62,50,7,0.09714999999999999,1.0,move,d,5,"[2, 5]","[2, 6]",False,True
1,2,6,10,5,62,50,2,0.09714999999999999,0.333,move,ru,5,"[3, 7]","[4, 6]",False,True
0,1,6,10,5,62,51,4,0.15005000000000002,-0.25,move,z,5,"[2, 6]","[2, 6]",False,True
1,2,6,10,5,62,51,3,0.15005000000000002,0.083,move,l,5,"[4, 6]","[3, 6]",False,True
0,1,6,10,5,62,52,1,0.11615000000000002,-0.833,move,u,5,"[2, 6]","[2, 5]",False,True
1,2,6,10,5,62,52,7,0.11615000000000002,-0.75,move,d,5,"[3, 6]","[3, 7]",False,True
0,1,6,10,5,62,53,16,0.1404,0.583,remove,rd,5,"[2, 5]","[3, 6]",False,True
1,2,6,10,5,62,53,12,0.1404,0.333,remove,l,2,"[3, 7]","[2, 7]",False,True
0,1,6,10,5,62,54,6,0.16275,0.0,move,ld,5,"[2, 5]","[1, 6]",False,True
1,2,6,10,5,62,54,1,0.16275,-0.633,move,u,5,"[3, 7]","[3, 6]",False,True
0,1,6,10,5,62,55,9,0.18150000000000005,0.417,remove,lu,2,"[1, 6]","[0, 5]",False,True
1,2,6,10,5,62,55,1,0.18150000000000005,0.833,move,u,5,"[3, 6]","[3, 5]",False,True
0,1,6,10,5,62,56,5,0.12089999999999998,-1.883,move,r,5,"[1, 6]","[2, 6]",True,True
1,2,6,10,5,62,56,14,0.12089999999999998,-0.25,remove,ld,5,"[3, 5]","[2, 6]",True,True
0,1,6,10,5,62,57,5,0.18114999999999998,1.0,move,r,5,"[1, 6]","[2, 6]",False,True
1,2,6,10,5,62,57,1,0.18114999999999998,-0.417,move,u,5,"[3, 5]","[3, 4]",False,True
0,1,6,10,5,62,58,13,0.2082,-0.333,remove,r,5,"[2, 6]","[3, 6]",False,True
1,2,6,10,5,62,58,7,0.2082,-0.5,move,d,5,"[3, 4]","[3, 5]",False,True
0,1,6,10,5,62,59,3,0.3360499999999999,0.417,move,l,5,"[2, 6]","[1, 6]",False,True
1,2,6,10,5,62,59,9,0.3360499999999999,0.667,remove,lu,2,"[3, 5]","[2, 4]",False,True
0,1,6,10,5,62,60,9,0.17314999999999997,0.333,remove,lu,2,"[1, 6]","[0, 5]",False,True
1,2,6,10,5,62,60,16,0.17314999999999997,-0.467,remove,rd,5,"[3, 5]","[4, 6]",False,True
0,1,6,10,5,62,61,4,0.22230000000000003,-0.717,move,z,5,"[1, 6]","[1, 6]",False,True
1,2,6,10,5,62,61,16,0.22230000000000003,0.417,remove,rd,2,"[3, 5]","[4, 6]",False,True
0,1,6,10,5,62,62,10,0.20845000000000002,0.083,remove,u,2,"[1, 6]","[1, 5]",False,True
1,2,6,10,5,62,62,13,0.20845000000000002,-0.467,remove,r,2,"[3, 5]","[4, 5]",False,True
0,1,6,10,6,45,1,7,0.2563,-0.333,move,d,5,"[1, 1]","[1, 2]",False,True
1,2,6,10,6,45,1,13,0.2563,-0.417,remove,r,2,"[9, 7]","[10, 7]",False,True
0,1,6,10,6,45,2,1,0.1421,-0.083,move,u,5,"[1, 2]","[1, 1]",False,True
1,2,6,10,6,45,2,0,0.1421,-0.3,move,lu,5,"[9, 7]","[8, 6]",False,True
0,1,6,10,6,45,3,10,0.1706,0.0,remove,u,2,"[1, 1]","[1, 0]",False,True
1,2,6,10,6,45,3,16,0.1706,-0.083,remove,rd,5,"[8, 6]","[9, 7]",False,True
0,1,6,10,6,45,4,10,0.28535,-0.3,remove,u,2,"[1, 1]","[1, 0]",False,True
1,2,6,10,6,45,4,1,0.28535,0.167,move,u,5,"[8, 6]","[8, 5]",False,True
0,1,6,10,6,45,5,9,0.18780000000000002,-0.3,remove,lu,2,"[1, 1]","[0, 0]",False,True
1,2,6,10,6,45,5,7,0.18780000000000002,-0.25,move,d,5,"[8, 5]","[8, 6]",False,True
0,1,6,10,6,45,6,7,0.14595,-0.133,move,d,5,"[1, 1]","[1, 2]",False,True
1,2,6,10,6,45,6,12,0.14595,0.167,remove,l,2,"[8, 6]","[7, 6]",False,True
0,1,6,10,6,45,7,3,0.1467,0.0,move,l,5,"[1, 2]","[0, 2]",False,True
1,2,6,10,6,45,7,15,0.1467,-0.467,remove,d,2,"[8, 6]","[8, 7]",False,True
0,1,6,10,6,45,8,14,0.08779999999999999,0.083,remove,ld,1,"[0, 2]","[-1, 3]",False,True
1,2,6,10,6,45,8,0,0.08779999999999999,-0.3,move,lu,5,"[8, 6]","[7, 5]",False,True
0,1,6,10,6,45,9,10,0.10764999999999995,-0.483,remove,u,2,"[0, 2]","[0, 1]",False,True
1,2,6,10,6,45,9,0,0.10764999999999995,-0.167,move,lu,5,"[7, 5]","[6, 4]",False,True
0,1,6,10,6,45,10,13,0.14989999999999998,-0.55,remove,r,5,"[0, 2]","[1, 2]",False,True
1,2,6,10,6,45,10,16,0.14989999999999998,0.167,remove,rd,5,"[6, 4]","[7, 5]",False,True
0,1,6,10,6,45,11,0,0.037300000000000014,0.333,move,lu,1,"[0, 2]","[-1, 1]",False,True
1,2,6,10,6,45,11,13,0.037300000000000014,-0.083,remove,r,2,"[6, 4]","[7, 4]",False,True
0,1,6,10,6,45,12,0,0.03565,-0.483,move,lu,1,"[0, 2]","[-1, 1]",False,True
1,2,6,10,6,45,12,2,0.03565,0.117,move,ru,5,"[6, 4]","[7, 3]",False,True
0,1,6,10,6,45,13,14,0.035550000000000005,-0.567,remove,ld,1,"[0, 2]","[-1, 3]",False,True
1,2,6,10,6,45,13,5,0.035550000000000005,0.333,move,r,5,"[7, 3]","[8, 3]",False,True
0,1,6,10,6,45,14,7,0.17799999999999996,-0.4,move,d,5,"[0, 2]","[0, 3]",False,True
1,2,6,10,6,45,14,1,0.17799999999999996,-0.083,move,u,5,"[8, 3]","[8, 2]",False,True
0,1,6,10,6,45,15,14,0.21465,-0.083,remove,ld,1,"[0, 3]","[-1, 4]",False,True
1,2,6,10,6,45,15,8,0.21465,-0.417,move,rd,5,"[8, 2]","[9, 3]",False,True
0,1,6,10,6,45,16,15,0.046700000000000005,-0.233,remove,d,2,"[0, 3]","[0, 4]",False,True
1,2,6,10,6,45,16,16,0.046700000000000005,0.333,remove,rd,2,"[9, 3]","[10, 4]",False,True
0,1,6,10,6,45,17,4,0.0441,-0.383,move,z,5,"[0, 3]","[0, 3]",False,True
1,2,6,10,6,45,17,11,0.0441,-0.55,remove,ru,2,"[9, 3]","[10, 2]",False,True
0,1,6,10,6,45,18,15,0.07394999999999999,-0.417,remove,d,2,"[0, 3]","[0, 4]",False,True
1,2,6,10,6,45,18,10,0.07394999999999999,0.283,remove,u,2,"[9, 3]","[9, 2]",False,True
0,1,6,10,6,45,19,10,0.07385,0.117,remove,u,5,"[0, 3]","[0, 2]",False,True
1,2,6,10,6,45,19,11,0.07385,-1.05,remove,ru,2,"[9, 3]","[10, 2]",False,True
0,1,6,10,6,45,20,4,0.07319999999999999,0.083,move,z,5,"[0, 3]","[0, 3]",False,True
1,2,6,10,6,45,20,14,0.07319999999999999,-0.05,remove,ld,2,"[9, 3]","[8, 4]",False,True
0,1,6,10,6,45,21,6,0.0824,-0.167,move,ld,1,"[0, 3]","[-1, 4]",False,True
1,2,6,10,6,45,21,0,0.0824,-0.717,move,lu,5,"[9, 3]","[8, 2]",False,True
0,1,6,10,6,45,22,4,0.13675,-0.067,move,z,5,"[0, 3]","[0, 3]",False,True
1,2,6,10,6,45,22,12,0.13675,0.917,remove,l,2,"[8, 2]","[7, 2]",False,True
0,1,6,10,6,45,23,8,0.13599999999999998,-0.083,move,rd,5,"[0, 3]","[1, 4]",False,True
1,2,6,10,6,45,23,14,0.13599999999999998,-1.05,remove,ld,5,"[8, 2]","[7, 3]",False,True
0,1,6,10,6,45,24,2,0.1133,-0.25,move,ru,5,"[1, 4]","[2, 3]",False,True
1,2,6,10,6,45,24,6,0.1133,-0.25,move,ld,5,"[8, 2]","[7, 3]",False,True
0,1,6,10,6,45,25,11,0.10915000000000001,-0.083,remove,ru,2,"[2, 3]","[3, 2]",False,True
1,2,6,10,6,45,25,8,0.10915000000000001,0.333,move,rd,5,"[7, 3]","[8, 4]",False,True
0,1,6,10,6,45,26,12,0.12545,0.2,remove,l,2,"[2, 3]","[1, 3]",False,True
1,2,6,10,6,45,26,8,0.12545,-0.25,move,rd,5,"[8, 4]","[9, 5]",False,True
0,1,6,10,6,45,27,6,0.11250000000000002,-1.133,move,ld,5,"[2, 3]","[1, 4]",False,True
1,2,6,10,6,45,27,11,0.11250000000000002,0.167,remove,ru,2,"[9, 5]","[10, 4]",False,True
0,1,6,10,6,45,28,1,0.15544999999999998,0.75,move,u,5,"[1, 4]","[1, 3]",False,True
1,2,6,10,6,45,28,12,0.15544999999999998,0.2,remove,l,5,"[9, 5]","[8, 5]",False,True
0,1,6,10,6,45,29,14,0.12719999999999998,-0.25,remove,ld,2,"[1, 3]","[0, 4]",False,True
1,2,6,10,6,45,29,5,0.12719999999999998,-0.167,move,r,5,"[9, 5]","[10, 5]",False,True
0,1,6,10,6,45,30,12,0.1767,-0.05,remove,l,5,"[1, 3]","[0, 3]",False,True
1,2,6,10,6,45,30,0,0.1767,-0.25,move,lu,5,"[10, 5]","[9, 4]",False,True
0,1,6,10,6,45,31,14,0.21885,-0.333,remove,ld,2,"[1, 3]","[0, 4]",False,True
1,2,6,10,6,45,31,15,0.21885,0.5,remove,d,5,"[9, 4]","[9, 5]",False,True
0,1,6,10,6,45,32,7,0.1756,-0.467,move,d,5,"[1, 3]","[1, 4]",False,True
1,2,6,10,6,45,32,0,0.1756,-0.667,move,lu,5,"[9, 4]","[8, 3]",False,True
0,1,6,10,6,45,33,12,0.20015,0.417,remove,l,2,"[1, 4]","[0, 4]",False,True
1,2,6,10,6,45,33,8,0.20015,0.667,move,rd,5,"[8, 3]","[9, 4]",False,True
0,1,6,10,6,45,34,4,0.21065,-0.467,move,z,5,"[1, 4]","[1, 4]",False,True
1,2,6,10,6,45,34,4,0.21065,-0.667,move,z,5,"[9, 4]","[9, 4]",False,True
0,1,6,10,6,45,35,3,0.20629999999999998,-0.333,move,l,5,"[1, 4]","[0, 4]",False,True
1,2,6,10,6,45,35,14,0.20629999999999998,0.083,remove,ld,2,"[9, 4]","[8, 5]",False,True
0,1,6,10,6,45,36,0,0.09635000000000002,0.333,move,lu,1,"[0, 4]","[-1, 3]",False,True
1,2,6,10,6,45,36,11,0.09635000000000002,-1.3,remove,ru,2,"[9, 4]","[10, 3]",False,True
0,1,6,10,6,45,37,10,1.0917499999999998,-0.067,remove,u,2,"[0, 4]","[0, 3]",False,True
1,2,6,10,6,45,37,10,1.0917499999999998,0.2,remove,u,5,"[9, 4]","[9, 3]",False,True
0,1,6,10,6,45,38,6,0.20260000000000003,-1.05,move,ld,1,"[0, 4]","[-1, 5]",False,True
1,2,6,10,6,45,38,5,0.20260000000000003,0.917,move,r,5,"[9, 4]","[10, 4]",False,True
0,1,6,10,6,45,39,9,0.18560000000000001,0.35,remove,lu,1,"[0, 4]","[-1, 3]",False,True
1,2,6,10,6,45,39,15,0.18560000000000001,0.167,remove,d,5,"[10, 4]","[10, 5]",False,True
0,1,6,10,6,45,40,7,0.19894999999999996,-0.4,move,d,5,"[0, 4]","[0, 5]",False,True
1,2,6,10,6,45,40,11,0.19894999999999996,-0.667,remove,ru,1,"[10, 4]","[11, 3]",False,True
0,1,6,10,6,45,41,1,0.6247,-0.667,move,u,5,"[0, 5]","[0, 4]",False,True
1,2,6,10,6,45,41,12,0.6247,-0.15,remove,l,5,"[10, 4]","[9, 4]",False,True
0,1,6,10,6,45,42,0,0.19735,0.0,move,lu,1,"[0, 4]","[-1, 3]",False,True
1,2,6,10,6,45,42,9,0.19735,-0.083,remove,lu,2,"[10, 4]","[9, 3]",False,True
0,1,6,10,6,45,43,4,0.16435,0.017,move,z,5,"[0, 4]","[0, 4]",False,True
1,2,6,10,6,45,43,6,0.16435,-0.3,move,ld,5,"[10, 4]","[9, 5]",False,True
0,1,6,10,6,45,44,10,0.0911,-0.167,remove,u,2,"[0, 4]","[0, 3]",False,True
1,2,6,10,6,45,44,4,0.0911,-0.083,move,z,5,"[9, 5]","[9, 5]",False,True
0,1,6,10,6,45,45,14,1.56805,-0.133,remove,ld,1,"[0, 4]","[-1, 5]",False,True
1,2,6,10,6,45,45,9,1.56805,0.417,remove,lu,5,"[9, 5]","[8, 4]",False,True
0,1,6,10,7,43,1,2,0.18550000000000003,-0.417,move,ru,5,"[7, 1]","[8, 0]",False,True
1,2,6,10,7,43,1,8,0.18550000000000003,-0.667,move,rd,5,"[1, 7]","[2, 8]",False,True
0,1,6,10,7,43,2,14,0.08604999999999997,0.083,remove,ld,5,"[8, 0]","[7, 1]",False,True
1,2,6,10,7,43,2,3,0.08604999999999997,0.333,move,l,5,"[2, 8]","[1, 8]",False,True
0,1,6,10,7,43,3,14,0.14314999999999997,-0.167,remove,ld,2,"[8, 0]","[7, 1]",False,True
1,2,6,10,7,43,3,16,0.14314999999999997,0.25,remove,rd,1,"[1, 8]","[2, 9]",False,True
0,1,6,10,7,43,4,1,0.1634,-0.217,move,u,1,"[8, 0]","[8, -1]",False,True
1,2,6,10,7,43,4,9,0.1634,-0.65,remove,lu,2,"[1, 8]","[0, 7]",False,True
0,1,6,10,7,43,5,10,0.10754999999999999,-0.4,remove,u,1,"[8, 0]","[8, -1]",False,True
1,2,6,10,7,43,5,4,0.10754999999999999,-0.55,move,z,5,"[1, 8]","[1, 8]",False,True
0,1,6,10,7,43,6,11,0.08525,-0.483,remove,ru,1,"[8, 0]","[9, -1]",False,True
1,2,6,10,7,43,6,1,0.08525,0.0,move,u,5,"[1, 8]","[1, 7]",False,True
0,1,6,10,7,43,7,3,0.12174999999999998,-0.4,move,l,5,"[8, 0]","[7, 0]",False,True
1,2,6,10,7,43,7,4,0.12174999999999998,0.25,move,z,5,"[1, 7]","[1, 7]",False,True
0,1,6,10,7,43,8,9,0.07999999999999999,0.25,remove,lu,1,"[7, 0]","[6, -1]",False,True
1,2,6,10,7,43,8,6,0.07999999999999999,-0.167,move,ld,5,"[1, 7]","[0, 8]",False,True
0,1,6,10,7,43,9,5,0.058100000000000006,-0.817,move,r,5,"[7, 0]","[8, 0]",False,True
1,2,6,10,7,43,9,7,0.058100000000000006,0.333,move,d,1,"[0, 8]","[0, 9]",False,True
0,1,6,10,7,43,10,16,0.07619999999999999,0.25,remove,rd,1,"[8, 0]","[9, 1]",False,True
1,2,6,10,7,43,10,3,0.07619999999999999,-0.483,move,l,1,"[0, 8]","[-1, 8]",False,True
0,1,6,10,7,43,11,3,0.0581,-0.317,move,l,5,"[8, 0]","[7, 0]",False,True
1,2,6,10,7,43,11,8,0.0581,-0.067,move,rd,1,"[0, 8]","[1, 9]",False,True
0,1,6,10,7,43,12,3,0.06269999999999998,0.167,move,l,5,"[7, 0]","[6, 0]",False,True
1,2,6,10,7,43,12,8,0.06269999999999998,-0.733,move,rd,1,"[0, 8]","[1, 9]",False,True
0,1,6,10,7,43,13,7,0.06695000000000001,-0.167,move,d,5,"[6, 0]","[6, 1]",False,True
1,2,6,10,7,43,13,5,0.06695000000000001,-0.567,move,r,5,"[0, 8]","[1, 8]",False,True
0,1,6,10,7,43,14,16,0.07075000000000001,0.167,remove,rd,2,"[6, 1]","[7, 2]",False,True
1,2,6,10,7,43,14,16,0.07075000000000001,-0.5,remove,rd,1,"[1, 8]","[2, 9]",False,True
0,1,6,10,7,43,15,3,0.07049999999999998,-0.633,move,l,5,"[6, 1]","[5, 1]",False,True
1,2,6,10,7,43,15,2,0.07049999999999998,0.267,move,ru,5,"[1, 8]","[2, 7]",False,True
0,1,6,10,7,43,16,16,0.0787,0.083,remove,rd,2,"[5, 1]","[6, 2]",False,True
1,2,6,10,7,43,16,7,0.0787,-0.083,move,d,5,"[2, 7]","[2, 8]",False,True
0,1,6,10,7,43,17,3,0.06069999999999999,-0.133,move,l,5,"[5, 1]","[4, 1]",False,True
1,2,6,10,7,43,17,2,0.06069999999999999,0.0,move,ru,5,"[2, 8]","[3, 7]",False,True
0,1,6,10,7,43,18,12,0.07544999999999999,-0.25,remove,l,2,"[4, 1]","[3, 1]",False,True
1,2,6,10,7,43,18,16,0.07544999999999999,0.333,remove,rd,2,"[3, 7]","[4, 8]",False,True
0,1,6,10,7,43,19,2,0.10149999999999999,0.283,move,ru,5,"[4, 1]","[5, 0]",False,True
1,2,6,10,7,43,19,12,0.10149999999999999,-0.633,remove,l,5,"[3, 7]","[2, 7]",False,True
0,1,6,10,7,43,20,13,0.08424999999999998,-0.583,remove,r,5,"[5, 0]","[6, 0]",False,True
1,2,6,10,7,43,20,5,0.08424999999999998,-0.667,move,r,5,"[3, 7]","[4, 7]",False,True
0,1,6,10,7,43,21,11,0.10744999999999998,0.083,remove,ru,1,"[5, 0]","[6, -1]",False,True
1,2,6,10,7,43,21,0,0.10744999999999998,0.5,move,lu,5,"[4, 7]","[3, 6]",False,True
0,1,6,10,7,43,22,16,0.12500000000000006,-0.483,remove,rd,5,"[5, 0]","[6, 1]",False,True
1,2,6,10,7,43,22,5,0.12500000000000006,0.333,move,r,5,"[3, 6]","[4, 6]",False,True
0,1,6,10,7,43,23,2,0.24885000000000002,0.083,move,ru,1,"[5, 0]","[6, -1]",False,True
1,2,6,10,7,43,23,12,0.24885000000000002,-0.333,remove,l,5,"[4, 6]","[3, 6]",False,True
0,1,6,10,7,43,24,4,0.08585000000000001,-0.65,move,z,5,"[5, 0]","[5, 0]",False,True
1,2,6,10,7,43,24,16,0.08585000000000001,-0.167,remove,rd,2,"[4, 6]","[5, 7]",False,True
0,1,6,10,7,43,25,12,0.08839999999999999,0.0,remove,l,2,"[5, 0]","[4, 0]",False,True
1,2,6,10,7,43,25,12,0.08839999999999999,-0.55,remove,l,2,"[4, 6]","[3, 6]",False,True
0,1,6,10,7,43,26,6,0.10334999999999998,-0.55,move,ld,5,"[5, 0]","[4, 1]",False,True
1,2,6,10,7,43,26,14,0.10334999999999998,0.033,remove,ld,5,"[4, 6]","[3, 7]",False,True
0,1,6,10,7,43,27,16,0.12279999999999998,0.667,remove,rd,2,"[4, 1]","[5, 2]",False,True
1,2,6,10,7,43,27,14,0.12279999999999998,0.0,remove,ld,2,"[4, 6]","[3, 7]",False,True
0,1,6,10,7,43,28,13,0.07379999999999999,-0.383,remove,r,5,"[4, 1]","[5, 1]",False,True
1,2,6,10,7,43,28,10,0.07379999999999999,-0.217,remove,u,2,"[4, 6]","[4, 5]",False,True
0,1,6,10,7,43,29,2,0.09674999999999999,0.083,move,ru,5,"[4, 1]","[5, 0]",False,True
1,2,6,10,7,43,29,6,0.09674999999999999,-0.3,move,ld,5,"[4, 6]","[3, 7]",False,True
0,1,6,10,7,43,30,5,0.0929,0.25,move,r,5,"[5, 0]","[6, 0]",False,True
1,2,6,10,7,43,30,10,0.0929,0.333,remove,u,2,"[3, 7]","[3, 6]",False,True
0,1,6,10,7,43,31,9,0.0997,-0.333,remove,lu,1,"[6, 0]","[5, -1]",False,True
1,2,6,10,7,43,31,16,0.0997,-0.55,remove,rd,2,"[3, 7]","[4, 8]",False,True
0,1,6,10,7,43,32,5,0.18010000000000004,-0.567,move,r,5,"[6, 0]","[7, 0]",False,True
1,2,6,10,7,43,32,6,0.18010000000000004,-0.133,move,ld,5,"[3, 7]","[2, 8]",False,True
0,1,6,10,7,43,33,11,0.06629999999999998,-0.083,remove,ru,1,"[7, 0]","[8, -1]",False,True
1,2,6,10,7,43,33,6,0.06629999999999998,-0.167,move,ld,1,"[2, 8]","[1, 9]",False,True
0,1,6,10,7,43,34,1,0.03225,-0.4,move,u,1,"[7, 0]","[7, -1]",False,True
1,2,6,10,7,43,34,1,0.03225,0.017,move,u,5,"[2, 8]","[2, 7]",False,True
0,1,6,10,7,43,35,2,0.07410000000000001,-0.4,move,ru,1,"[7, 0]","[8, -1]",False,True
1,2,6,10,7,43,35,13,0.07410000000000001,0.083,remove,r,5,"[2, 7]","[3, 7]",False,True
0,1,6,10,7,43,36,9,0.03545,-0.15,remove,lu,1,"[7, 0]","[6, -1]",False,True
1,2,6,10,7,43,36,12,0.03545,-0.583,remove,l,5,"[2, 7]","[1, 7]",False,True
0,1,6,10,7,43,37,2,0.08114999999999997,-0.233,move,ru,1,"[7, 0]","[8, -1]",False,True
1,2,6,10,7,43,37,0,0.08114999999999997,-0.167,move,lu,5,"[2, 7]","[1, 6]",False,True
0,1,6,10,7,43,38,4,0.03960000000000001,-0.233,move,z,5,"[7, 0]","[7, 0]",False,True
1,2,6,10,7,43,38,6,0.03960000000000001,0.5,move,ld,5,"[1, 6]","[0, 7]",False,True
0,1,6,10,7,43,39,4,0.054849999999999996,-0.167,move,z,5,"[7, 0]","[7, 0]",False,True
1,2,6,10,7,43,39,0,0.054849999999999996,0.0,move,lu,1,"[0, 7]","[-1, 6]",False,True
0,1,6,10,7,43,40,15,0.07915,-0.333,remove,d,2,"[7, 0]","[7, 1]",False,True
1,2,6,10,7,43,40,2,0.07915,-0.317,move,ru,5,"[0, 7]","[1, 6]",False,True
0,1,6,10,7,43,41,5,0.04895000000000001,-0.383,move,r,5,"[7, 0]","[8, 0]",False,True
1,2,6,10,7,43,41,13,0.04895000000000001,-0.25,remove,r,2,"[1, 6]","[2, 6]",False,True
0,1,6,10,7,43,42,14,0.06144999999999999,-0.167,remove,ld,2,"[8, 0]","[7, 1]",False,True
1,2,6,10,7,43,42,4,0.06144999999999999,0.283,move,z,5,"[1, 6]","[1, 6]",False,True
0,1,6,10,7,43,43,0,0.08909999999999998,0.45,move,lu,1,"[8, 0]","[7, -1]",False,True
1,2,6,10,7,43,43,5,0.08909999999999998,-0.583,move,r,5,"[1, 6]","[2, 6]",False,True
0,1,6,10,8,64,1,2,0.06384999999999999,-0.333,move,ru,5,"[7, 1]","[8, 0]",False,True
1,2,6,10,8,64,1,4,0.06384999999999999,-0.417,move,z,5,"[1, 6]","[1, 6]",False,True
0,1,6,10,8,64,2,10,0.08259999999999999,-0.417,remove,u,1,"[8, 0]","[8, -1]",False,True
1,2,6,10,8,64,2,9,0.08259999999999999,-0.25,remove,lu,2,"[1, 6]","[0, 5]",False,True
0,1,6,10,8,64,3,1,0.08255,0.017,move,u,1,"[8, 0]","[8, -1]",False,True
1,2,6,10,8,64,3,9,0.08255,-0.133,remove,lu,2,"[1, 6]","[0, 5]",False,True
0,1,6,10,8,64,4,9,0.09344999999999996,-0.567,remove,lu,1,"[8, 0]","[7, -1]",False,True
1,2,6,10,8,64,4,1,0.09344999999999996,-0.133,move,u,5,"[1, 6]","[1, 5]",False,True
0,1,6,10,8,64,5,2,0.06075000000000001,-0.4,move,ru,1,"[8, 0]","[9, -1]",False,True
1,2,6,10,8,64,5,7,0.06075000000000001,0.083,move,d,5,"[1, 5]","[1, 6]",False,True
0,1,6,10,8,64,6,1,0.0814,-0.4,move,u,1,"[8, 0]","[8, -1]",False,True
1,2,6,10,8,64,6,13,0.0814,-0.333,remove,r,2,"[1, 6]","[2, 6]",False,True
0,1,6,10,8,64,7,16,0.07485,-0.483,remove,rd,1,"[8, 0]","[9, 1]",False,True
1,2,6,10,8,64,7,1,0.07485,-0.133,move,u,5,"[1, 6]","[1, 5]",False,True
0,1,6,10,8,64,8,10,0.08159999999999999,-0.317,remove,u,1,"[8, 0]","[8, -1]",False,True
1,2,6,10,8,64,8,8,0.08159999999999999,0.0,move,rd,5,"[1, 5]","[2, 6]",False,True
0,1,6,10,8,64,9,10,0.055949999999999986,-0.733,remove,u,1,"[8, 0]","[8, -1]",False,True
1,2,6,10,8,64,9,1,0.055949999999999986,0.0,move,u,5,"[2, 6]","[2, 5]",False,True
0,1,6,10,8,64,10,15,0.04870000000000001,-0.233,remove,d,2,"[8, 0]","[8, 1]",False,True
1,2,6,10,8,64,10,12,0.04870000000000001,0.167,remove,l,5,"[2, 5]","[1, 5]",False,True
0,1,6,10,8,64,11,3,0.3108,-0.217,move,l,5,"[8, 0]","[7, 0]",False,True
1,2,6,10,8,64,11,7,0.3108,-0.667,move,d,5,"[2, 5]","[2, 6]",False,True
0,1,6,10,8,64,12,2,0.06595000000000001,0.167,move,ru,1,"[7, 0]","[8, -1]",False,True
1,2,6,10,8,64,12,13,0.06595000000000001,0.333,remove,r,2,"[2, 6]","[3, 6]",False,True
0,1,6,10,8,64,13,7,0.062150000000000004,-0.65,move,d,5,"[7, 0]","[7, 1]",False,True
1,2,6,10,8,64,13,8,0.062150000000000004,-0.3,move,rd,5,"[2, 6]","[3, 7]",False,True
0,1,6,10,8,64,14,0,0.03755000000000001,0.417,move,lu,5,"[7, 1]","[6, 0]",False,True
1,2,6,10,8,64,14,3,0.03755000000000001,0.167,move,l,5,"[3, 7]","[2, 7]",False,True
0,1,6,10,8,64,15,0,0.062,0.167,move,lu,1,"[6, 0]","[5, -1]",False,True
1,2,6,10,8,64,15,11,0.062,0.583,remove,ru,2,"[2, 7]","[3, 6]",False,True
0,1,6,10,8,64,16,10,0.05944999999999999,-0.9,remove,u,1,"[6, 0]","[6, -1]",False,True
1,2,6,10,8,64,16,16,0.05944999999999999,-0.3,remove,rd,1,"[2, 7]","[3, 8]",False,True
0,1,6,10,8,64,17,7,0.06955,-0.317,move,d,5,"[6, 0]","[6, 1]",False,True
1,2,6,10,8,64,17,9,0.06955,-1.317,remove,lu,5,"[2, 7]","[1, 6]",False,True
0,1,6,10,8,64,18,3,0.16624999999999998,0.333,move,l,5,"[6, 1]","[5, 1]",False,True
1,2,6,10,8,64,18,7,0.16624999999999998,0.583,move,d,1,"[2, 7]","[2, 8]",False,True
0,1,6,10,8,64,19,10,0.16340000000000005,-0.083,remove,u,2,"[5, 1]","[5, 0]",False,True
1,2,6,10,8,64,19,16,0.16340000000000005,-0.9,remove,rd,1,"[2, 7]","[3, 8]",False,True
0,1,6,10,8,64,20,0,0.1032,-0.217,move,lu,5,"[5, 1]","[4, 0]",False,True
1,2,6,10,8,64,20,3,0.1032,-0.15,move,l,5,"[2, 7]","[1, 7]",False,True
0,1,6,10,8,64,21,4,0.16960000000000003,-0.083,move,z,5,"[4, 0]","[4, 0]",False,True
1,2,6,10,8,64,21,6,0.16960000000000003,0.417,move,ld,1,"[1, 7]","[0, 8]",False,True
0,1,6,10,8,64,22,1,0.13765,-0.833,move,u,1,"[4, 0]","[4, -1]",False,True
1,2,6,10,8,64,22,16,0.13765,-0.983,remove,rd,1,"[1, 7]","[2, 8]",False,True
0,1,6,10,8,64,23,5,0.19615000000000002,0.6,move,r,5,"[4, 0]","[5, 0]",False,True
1,2,6,10,8,64,23,9,0.19615000000000002,-0.483,remove,lu,2,"[1, 7]","[0, 6]",False,True
0,1,6,10,8,64,24,9,0.15835,0.25,remove,lu,1,"[5, 0]","[4, -1]",False,True
1,2,6,10,8,64,24,1,0.15835,0.2,move,u,5,"[1, 7]","[1, 6]",False,True
0,1,6,10,8,64,25,15,0.2252,-1.65,remove,d,5,"[5, 0]","[5, 1]",False,True
1,2,6,10,8,64,25,6,0.2252,-0.083,move,ld,5,"[1, 6]","[0, 7]",False,True
0,1,6,10,8,64,26,1,0.27559999999999996,0.75,move,u,1,"[5, 0]","[5, -1]",False,True
1,2,6,10,8,64,26,0,0.27559999999999996,-0.333,move,lu,1,"[0, 7]","[-1, 6]",False,True
0,1,6,10,8,64,27,5,0.2204,-0.4,move,r,5,"[5, 0]","[6, 0]",False,True
1,2,6,10,8,64,27,11,0.2204,-0.4,remove,ru,5,"[0, 7]","[1, 6]",False,True
0,1,6,10,8,64,28,6,0.16714999999999997,-0.167,move,ld,5,"[6, 0]","[5, 1]",False,True
1,2,6,10,8,64,28,11,0.16714999999999997,0.667,remove,ru,2,"[0, 7]","[1, 6]",False,True
0,1,6,10,8,64,29,8,0.21780000000000005,0.333,move,rd,5,"[5, 1]","[6, 2]",False,True
1,2,6,10,8,64,29,5,0.21780000000000005,-0.717,move,r,5,"[0, 7]","[1, 7]",False,True
0,1,6,10,8,64,30,11,0.23464999999999997,-0.417,remove,ru,5,"[6, 2]","[7, 1]",False,True
1,2,6,10,8,64,30,13,0.23464999999999997,0.333,remove,r,5,"[1, 7]","[2, 7]",False,True
0,1,6,10,8,64,31,3,0.17805,-0.167,move,l,5,"[6, 2]","[5, 2]",False,True
1,2,6,10,8,64,31,1,0.17805,-0.417,move,u,5,"[1, 7]","[1, 6]",False,True
0,1,6,10,8,64,32,11,0.21270000000000003,0.333,remove,ru,5,"[5, 2]","[6, 1]",False,True
1,2,6,10,8,64,32,6,0.21270000000000003,-0.167,move,ld,5,"[1, 6]","[0, 7]",False,True
0,1,6,10,8,64,33,14,0.1669,0.5,remove,ld,2,"[5, 2]","[4, 3]",False,True
1,2,6,10,8,64,33,4,0.1669,0.167,move,z,5,"[0, 7]","[0, 7]",False,True
0,1,6,10,8,64,34,1,0.12015,-0.217,move,u,5,"[5, 2]","[5, 1]",False,True
1,2,6,10,8,64,34,7,0.12015,0.25,move,d,1,"[0, 7]","[0, 8]",False,True
0,1,6,10,8,64,35,8,0.23245000000000005,-0.083,move,rd,5,"[5, 1]","[6, 2]",False,True
1,2,6,10,8,64,35,8,0.23245000000000005,-0.65,move,rd,1,"[0, 7]","[1, 8]",False,True
0,1,6,10,8,64,36,4,0.22135,-0.25,move,z,5,"[6, 2]","[6, 2]",False,True
1,2,6,10,8,64,36,0,0.22135,-0.65,move,lu,1,"[0, 7]","[-1, 6]",False,True
0,1,6,10,8,64,37,3,0.194,-0.333,move,l,5,"[6, 2]","[5, 2]",False,True
1,2,6,10,8,64,37,1,0.194,-0.4,move,u,5,"[0, 7]","[0, 6]",False,True
0,1,6,10,8,64,38,7,0.17315,0.5,move,d,5,"[5, 2]","[5, 3]",False,True
1,2,6,10,8,64,38,6,0.17315,0.083,move,ld,1,"[0, 6]","[-1, 7]",False,True
0,1,6,10,8,64,39,10,0.09305,-0.917,remove,u,5,"[5, 3]","[5, 2]",False,True
1,2,6,10,8,64,39,6,0.09305,0.017,move,ld,1,"[0, 6]","[-1, 7]",False,True
0,1,6,10,8,64,40,4,0.15344999999999998,0.917,move,z,5,"[5, 3]","[5, 3]",False,True
1,2,6,10,8,64,40,1,0.15344999999999998,-0.733,move,u,5,"[0, 6]","[0, 5]",False,True
0,1,6,10,8,64,41,0,0.15965000000000001,0.25,move,lu,5,"[5, 3]","[4, 2]",False,True
1,2,6,10,8,64,41,16,0.15965000000000001,0.833,remove,rd,5,"[0, 5]","[1, 6]",False,True
0,1,6,10,8,64,42,12,0.2044,0.0,remove,l,2,"[4, 2]","[3, 2]",False,True
1,2,6,10,8,64,42,8,0.2044,-0.833,move,rd,5,"[0, 5]","[1, 6]",False,True
0,1,6,10,8,64,43,13,0.09230000000000001,-0.967,remove,r,2,"[4, 2]","[5, 2]",False,True
1,2,6,10,8,64,43,2,0.09230000000000001,0.083,move,ru,5,"[1, 6]","[2, 5]",False,True
0,1,6,10,8,64,44,4,0.13585,0.033,move,z,5,"[4, 2]","[4, 2]",False,True
1,2,6,10,8,64,44,7,0.13585,-0.083,move,d,5,"[2, 5]","[2, 6]",False,True
0,1,6,10,8,64,45,5,0.14379999999999998,-0.583,move,r,5,"[4, 2]","[5, 2]",False,True
1,2,6,10,8,64,45,3,0.14379999999999998,0.083,move,l,5,"[2, 6]","[1, 6]",False,True
0,1,6,10,8,64,46,5,0.13904999999999998,-0.167,move,r,5,"[5, 2]","[6, 2]",False,True
1,2,6,10,8,64,46,15,0.13904999999999998,0.083,remove,d,5,"[1, 6]","[1, 7]",False,True
0,1,6,10,8,64,47,3,0.15064999999999998,1.25,move,l,5,"[6, 2]","[5, 2]",False,True
1,2,6,10,8,64,47,0,0.15064999999999998,0.333,move,lu,5,"[1, 6]","[0, 5]",False,True
0,1,6,10,8,64,48,16,0.24114999999999998,-0.583,remove,rd,2,"[5, 2]","[6, 3]",False,True
1,2,6,10,8,64,48,3,0.24114999999999998,-0.583,move,l,1,"[0, 5]","[-1, 5]",False,True
0,1,6,10,8,64,49,10,0.11410000000000001,-0.133,remove,u,5,"[5, 2]","[5, 1]",False,True
1,2,6,10,8,64,49,11,0.11410000000000001,-0.233,remove,ru,2,"[0, 5]","[1, 4]",False,True
0,1,6,10,8,64,50,9,0.21205,0.083,remove,lu,2,"[5, 2]","[4, 1]",False,True
1,2,6,10,8,64,50,8,0.21205,-0.55,move,rd,5,"[0, 5]","[1, 6]",False,True
0,1,6,10,8,64,51,14,0.1867,-0.133,remove,ld,2,"[5, 2]","[4, 3]",False,True
1,2,6,10,8,64,51,3,0.1867,0.583,move,l,5,"[1, 6]","[0, 6]",False,True
0,1,6,10,8,64,52,10,0.15135000000000004,-1.383,remove,u,2,"[5, 2]","[5, 1]",False,True
1,2,6,10,8,64,52,13,0.15135000000000004,-0.167,remove,r,5,"[0, 6]","[1, 6]",False,True
0,1,6,10,8,64,53,4,0.16835,0.533,move,z,5,"[5, 2]","[5, 2]",False,True
1,2,6,10,8,64,53,11,0.16835,-0.417,remove,ru,2,"[0, 6]","[1, 5]",False,True
0,1,6,10,8,64,54,13,0.16190000000000002,-0.083,remove,r,5,"[5, 2]","[6, 2]",False,True
1,2,6,10,8,64,54,1,0.16190000000000002,-0.217,move,u,5,"[0, 6]","[0, 5]",False,True
0,1,6,10,8,64,55,12,0.18824999999999997,-0.083,remove,l,5,"[5, 2]","[4, 2]",False,True
1,2,6,10,8,64,55,5,0.18824999999999997,0.167,move,r,5,"[0, 5]","[1, 5]",False,True
0,1,6,10,8,64,56,15,0.13725,0.333,remove,d,5,"[5, 2]","[5, 3]",False,True
1,2,6,10,8,64,56,11,0.13725,0.167,remove,ru,2,"[1, 5]","[2, 4]",False,True
0,1,6,10,8,64,57,7,0.11059999999999999,-0.25,move,d,5,"[5, 2]","[5, 3]",False,True
1,2,6,10,8,64,57,13,0.11059999999999999,-0.633,remove,r,5,"[1, 5]","[2, 5]",False,True
0,1,6,10,8,64,58,4,0.12035,-0.583,move,z,5,"[5, 3]","[5, 3]",False,True
1,2,6,10,8,64,58,4,0.12035,-0.333,move,z,5,"[1, 5]","[1, 5]",False,True
0,1,6,10,8,64,59,13,0.1395,0.583,remove,r,2,"[5, 3]","[6, 3]",False,True
1,2,6,10,8,64,59,8,0.1395,0.25,move,rd,5,"[1, 5]","[2, 6]",False,True
0,1,6,10,8,64,60,3,0.20255,-0.8,move,l,5,"[5, 3]","[4, 3]",False,True
1,2,6,10,8,64,60,6,0.20255,0.083,move,ld,5,"[2, 6]","[1, 7]",False,True
0,1,6,10,8,64,61,0,0.09674999999999997,-0.25,move,lu,5,"[4, 3]","[3, 2]",False,True
1,2,6,10,8,64,61,15,0.09674999999999997,0.083,remove,d,1,"[1, 7]","[1, 8]",False,True
0,1,6,10,8,64,62,1,0.16390000000000002,0.583,move,u,5,"[3, 2]","[3, 1]",False,True
1,2,6,10,8,64,62,12,0.16390000000000002,0.017,remove,l,5,"[1, 7]","[0, 7]",False,True
0,1,6,10,8,64,63,0,0.09359999999999999,-0.167,move,lu,5,"[3, 1]","[2, 0]",False,True
1,2,6,10,8,64,63,3,0.09359999999999999,-0.333,move,l,5,"[1, 7]","[0, 7]",False,True
0,1,6,10,8,64,64,3,0.10214999999999996,0.083,move,l,5,"[2, 0]","[1, 0]",False,True
1,2,6,10,8,64,64,10,0.10214999999999996,0.417,remove,u,5,"[0, 7]","[0, 6]",False,True
0,1,6,10,9,79,1,6,0.09480000000000001,-0.583,move,ld,5,"[1, 2]","[0, 3]",False,True
1,2,6,10,9,79,1,6,0.09480000000000001,-0.417,move,ld,5,"[8, 8]","[7, 9]",False,True
0,1,6,10,9,79,2,12,0.09115000000000001,-0.083,remove,l,1,"[0, 3]","[-1, 3]",False,True
1,2,6,10,9,79,2,1,0.09115000000000001,-0.417,move,u,5,"[7, 9]","[7, 8]",False,True
0,1,6,10,9,79,3,14,0.1293,-0.233,remove,ld,1,"[0, 3]","[-1, 4]",False,True
1,2,6,10,9,79,3,10,0.1293,0.75,remove,u,2,"[7, 8]","[7, 7]",False,True
0,1,6,10,9,79,4,11,0.11005000000000001,-0.317,remove,ru,5,"[0, 3]","[1, 2]",False,True
1,2,6,10,9,79,4,10,0.11005000000000001,-0.967,remove,u,2,"[7, 8]","[7, 7]",False,True
0,1,6,10,9,79,5,0,0.13665,-0.25,move,lu,1,"[0, 3]","[-1, 2]",False,True
1,2,6,10,9,79,5,10,0.13665,0.117,remove,u,2,"[7, 8]","[7, 7]",False,True
0,1,6,10,9,79,6,0,0.10999999999999999,-0.233,move,lu,1,"[0, 3]","[-1, 2]",False,True
1,2,6,10,9,79,6,7,0.10999999999999999,-0.383,move,d,5,"[7, 8]","[7, 9]",False,True
0,1,6,10,9,79,7,6,0.08474999999999998,-0.233,move,ld,1,"[0, 3]","[-1, 4]",False,True
1,2,6,10,9,79,7,15,0.08474999999999998,-0.083,remove,d,2,"[7, 9]","[7, 10]",False,True
0,1,6,10,9,79,8,0,0.11660000000000001,-0.483,move,lu,1,"[0, 3]","[-1, 2]",False,True
1,2,6,10,9,79,8,3,0.11660000000000001,-0.217,move,l,5,"[7, 9]","[6, 9]",False,True
0,1,6,10,9,79,9,10,0.07755000000000001,-0.567,remove,u,2,"[0, 3]","[0, 2]",False,True
1,2,6,10,9,79,9,6,0.07755000000000001,0.0,move,ld,5,"[6, 9]","[5, 10]",False,True
0,1,6,10,9,79,10,11,0.091,-0.383,remove,ru,2,"[0, 3]","[1, 2]",False,True
1,2,6,10,9,79,10,2,0.091,-0.167,move,ru,5,"[5, 10]","[6, 9]",False,True
0,1,6,10,9,79,11,2,0.14719999999999997,0.033,move,ru,5,"[0, 3]","[1, 2]",False,True
1,2,6,10,9,79,11,15,0.14719999999999997,0.25,remove,d,2,"[6, 9]","[6, 10]",False,True
0,1,6,10,9,79,12,3,0.10054999999999999,0.083,move,l,5,"[1, 2]","[0, 2]",False,True
1,2,6,10,9,79,12,12,0.10054999999999999,-0.3,remove,l,2,"[6, 9]","[5, 9]",False,True
0,1,6,10,9,79,13,7,0.08559999999999998,0.25,move,d,5,"[0, 2]","[0, 3]",False,True
1,2,6,10,9,79,13,6,0.08559999999999998,-0.05,move,ld,5,"[6, 9]","[5, 10]",False,True
0,1,6,10,9,79,14,11,0.07144999999999999,-0.583,remove,ru,5,"[0, 3]","[1, 2]",False,True
1,2,6,10,9,79,14,2,0.07144999999999999,-0.167,move,ru,5,"[5, 10]","[6, 9]",False,True
0,1,6,10,9,79,15,14,0.0636,0.083,remove,ld,1,"[0, 3]","[-1, 4]",False,True
1,2,6,10,9,79,15,14,0.0636,0.0,remove,ld,5,"[6, 9]","[5, 10]",False,True
0,1,6,10,9,79,16,16,0.04315000000000001,-0.483,remove,rd,2,"[0, 3]","[1, 4]",False,True
1,2,6,10,9,79,16,0,0.04315000000000001,-0.333,move,lu,5,"[6, 9]","[5, 8]",False,True
0,1,6,10,9,79,17,4,0.052050000000000006,-0.3,move,z,5,"[0, 3]","[0, 3]",False,True
1,2,6,10,9,79,17,10,0.052050000000000006,0.0,remove,u,2,"[5, 8]","[5, 7]",False,True
0,1,6,10,9,79,18,4,0.03155000000000001,0.083,move,z,5,"[0, 3]","[0, 3]",False,True
1,2,6,10,9,79,18,5,0.03155000000000001,0.117,move,r,5,"[5, 8]","[6, 8]",False,True
0,1,6,10,9,79,19,12,0.049300000000000004,0.0,remove,l,1,"[0, 3]","[-1, 3]",False,True
1,2,6,10,9,79,19,5,0.049300000000000004,0.333,move,r,5,"[6, 8]","[7, 8]",False,True
0,1,6,10,9,79,20,16,0.06255000000000001,-0.567,remove,rd,2,"[0, 3]","[1, 4]",False,True
1,2,6,10,9,79,20,16,0.06255000000000001,-0.417,remove,rd,2,"[7, 8]","[8, 9]",False,True
0,1,6,10,9,79,21,11,0.05685,-0.05,remove,ru,2,"[0, 3]","[1, 2]",False,True
1,2,6,10,9,79,21,13,0.05685,-0.133,remove,r,5,"[7, 8]","[8, 8]",False,True
0,1,6,10,9,79,22,9,0.05550000000000001,-0.133,remove,lu,1,"[0, 3]","[-1, 2]",False,True
1,2,6,10,9,79,22,1,0.05550000000000001,-0.417,move,u,5,"[7, 8]","[7, 7]",False,True
0,1,6,10,9,79,23,13,0.0663,-0.65,remove,r,2,"[0, 3]","[1, 3]",False,True
1,2,6,10,9,79,23,14,0.0663,-0.917,remove,ld,5,"[7, 7]","[6, 8]",False,True
0,1,6,10,9,79,24,16,0.18985,-0.383,remove,rd,2,"[0, 3]","[1, 4]",False,True
1,2,6,10,9,79,24,7,0.18985,0.667,move,d,5,"[7, 7]","[7, 8]",False,True
0,1,6,10,9,79,25,4,0.05045000000000001,0.033,move,z,5,"[0, 3]","[0, 3]",False,True
1,2,6,10,9,79,25,2,0.05045000000000001,0.5,move,ru,5,"[7, 8]","[8, 7]",False,True
0,1,6,10,9,79,26,1,0.08119999999999998,0.0,move,u,5,"[0, 3]","[0, 2]",False,True
1,2,6,10,9,79,26,5,0.08119999999999998,-0.083,move,r,5,"[8, 7]","[9, 7]",False,True
0,1,6,10,9,79,27,2,0.0979,0.083,move,ru,5,"[0, 2]","[1, 1]",False,True
1,2,6,10,9,79,27,5,0.0979,-0.5,move,r,1,"[9, 7]","[10, 7]",False,True
0,1,6,10,9,79,28,13,0.08349999999999999,-0.417,remove,r,2,"[1, 1]","[2, 1]",False,True
1,2,6,10,9,79,28,14,0.08349999999999999,-0.317,remove,ld,2,"[9, 7]","[8, 8]",False,True
0,1,6,10,9,79,29,16,0.11059999999999999,0.117,remove,rd,2,"[1, 1]","[2, 2]",False,True
1,2,6,10,9,79,29,4,0.11059999999999999,-0.05,move,z,5,"[9, 7]","[9, 7]",False,True
0,1,6,10,9,79,30,14,0.08175,-0.217,remove,ld,5,"[1, 1]","[0, 2]",False,True
1,2,6,10,9,79,30,15,0.08175,0.083,remove,d,2,"[9, 7]","[9, 8]",False,True
0,1,6,10,9,79,31,3,0.08865,-0.25,move,l,5,"[1, 1]","[0, 1]",False,True
1,2,6,10,9,79,31,12,0.08865,-0.467,remove,l,5,"[9, 7]","[8, 7]",False,True
0,1,6,10,9,79,32,2,0.09534999999999998,0.083,move,ru,5,"[0, 1]","[1, 0]",False,True
1,2,6,10,9,79,32,3,0.09534999999999998,0.333,move,l,5,"[9, 7]","[8, 7]",False,True
0,1,6,10,9,79,33,4,0.10564999999999998,0.25,move,z,5,"[1, 0]","[1, 0]",False,True
1,2,6,10,9,79,33,0,0.10564999999999998,-0.417,move,lu,5,"[8, 7]","[7, 6]",False,True
0,1,6,10,9,79,34,2,0.11535,-0.25,move,ru,1,"[1, 0]","[2, -1]",False,True
1,2,6,10,9,79,34,4,0.11535,0.5,move,z,5,"[7, 6]","[7, 6]",False,True
0,1,6,10,9,79,35,6,0.1204,-0.317,move,ld,5,"[1, 0]","[0, 1]",False,True
1,2,6,10,9,79,35,15,0.1204,-0.167,remove,d,5,"[7, 6]","[7, 7]",False,True
0,1,6,10,9,79,36,1,0.12744999999999998,0.0,move,u,5,"[0, 1]","[0, 0]",False,True
1,2,6,10,9,79,36,16,0.12744999999999998,-0.25,remove,rd,5,"[7, 6]","[8, 7]",False,True
0,1,6,10,9,79,37,10,0.12265000000000001,-0.25,remove,u,1,"[0, 0]","[0, -1]",False,True
1,2,6,10,9,79,37,10,0.12265000000000001,-0.333,remove,u,2,"[7, 6]","[7, 5]",False,True
0,1,6,10,9,79,38,14,0.09485000000000002,0.017,remove,ld,1,"[0, 0]","[-1, 1]",False,True
1,2,6,10,9,79,38,16,0.09485000000000002,0.283,remove,rd,2,"[7, 6]","[8, 7]",False,True
0,1,6,10,9,79,39,3,0.08055,-0.9,move,l,1,"[0, 0]","[-1, 0]",False,True
1,2,6,10,9,79,39,3,0.08055,-0.05,move,l,5,"[7, 6]","[6, 6]",False,True
0,1,6,10,9,79,40,7,0.149,-0.733,move,d,5,"[0, 0]","[0, 1]",False,True
1,2,6,10,9,79,40,8,0.149,0.0,move,rd,5,"[6, 6]","[7, 7]",False,True
0,1,6,10,9,79,41,6,0.0854,0.417,move,ld,1,"[0, 1]","[-1, 2]",False,True
1,2,6,10,9,79,41,4,0.0854,-0.083,move,z,5,"[7, 7]","[7, 7]",False,True
0,1,6,10,9,79,42,4,0.06715000000000002,-0.233,move,z,5,"[0, 1]","[0, 1]",False,True
1,2,6,10,9,79,42,9,0.06715000000000002,-0.583,remove,lu,5,"[7, 7]","[6, 6]",False,True
0,1,6,10,9,79,43,7,0.09469999999999998,-0.083,move,d,5,"[0, 1]","[0, 2]",False,True
1,2,6,10,9,79,43,12,0.09469999999999998,-0.333,remove,l,2,"[7, 7]","[6, 7]",False,True
0,1,6,10,9,79,44,6,0.07215,0.583,move,ld,1,"[0, 2]","[-1, 3]",False,True
1,2,6,10,9,79,44,9,0.07215,0.867,remove,lu,2,"[7, 7]","[6, 6]",False,True
0,1,6,10,9,79,45,3,0.12244999999999999,-0.817,move,l,1,"[0, 2]","[-1, 2]",False,True
1,2,6,10,9,79,45,7,0.12244999999999999,-1.3,move,d,5,"[7, 7]","[7, 8]",False,True
0,1,6,10,9,79,46,11,0.17639999999999997,-0.567,remove,ru,5,"[0, 2]","[1, 1]",False,True
1,2,6,10,9,79,46,6,0.17639999999999997,0.5,move,ld,5,"[7, 8]","[6, 9]",False,True
0,1,6,10,9,79,47,11,0.12669999999999998,-0.167,remove,ru,2,"[0, 2]","[1, 1]",False,True
1,2,6,10,9,79,47,16,0.12669999999999998,-0.333,remove,rd,2,"[6, 9]","[7, 10]",False,True
0,1,6,10,9,79,48,13,0.1416,-0.133,remove,r,2,"[0, 2]","[1, 2]",False,True
1,2,6,10,9,79,48,6,0.1416,0.533,move,ld,5,"[6, 9]","[5, 10]",False,True
0,1,6,10,9,79,49,6,0.14634999999999998,-0.633,move,ld,1,"[0, 2]","[-1, 3]",False,True
1,2,6,10,9,79,49,13,0.14634999999999998,-0.333,remove,r,2,"[5, 10]","[6, 10]",False,True
0,1,6,10,9,79,50,9,0.13664999999999997,0.433,remove,lu,1,"[0, 2]","[-1, 1]",False,True
1,2,6,10,9,79,50,8,0.13664999999999997,0.367,move,rd,1,"[5, 10]","[6, 11]",False,True
0,1,6,10,9,79,51,9,0.2311,-1.233,remove,lu,1,"[0, 2]","[-1, 1]",False,True
1,2,6,10,9,79,51,12,0.2311,-0.567,remove,l,2,"[5, 10]","[4, 10]",False,True
0,1,6,10,9,79,52,1,0.2133,0.267,move,u,5,"[0, 2]","[0, 1]",False,True
1,2,6,10,9,79,52,3,0.2133,-0.717,move,l,5,"[5, 10]","[4, 10]",False,True
0,1,6,10,9,79,53,6,0.16960000000000003,0.0,move,ld,1,"[0, 1]","[-1, 2]",False,True
1,2,6,10,9,79,53,3,0.16960000000000003,0.083,move,l,5,"[4, 10]","[3, 10]",False,True
0,1,6,10,9,79,54,4,0.13695,-0.233,move,z,5,"[0, 1]","[0, 1]",False,True
1,2,6,10,9,79,54,2,0.13695,0.0,move,ru,5,"[3, 10]","[4, 9]",False,True
0,1,6,10,9,79,55,6,0.1152,-0.25,move,ld,1,"[0, 1]","[-1, 2]",False,True
1,2,6,10,9,79,55,12,0.1152,0.25,remove,l,2,"[4, 9]","[3, 9]",False,True
0,1,6,10,9,79,56,0,0.20464999999999994,-1.15,move,lu,1,"[0, 1]","[-1, 0]",False,True
1,2,6,10,9,79,56,10,0.20464999999999994,-0.967,remove,u,2,"[4, 9]","[4, 8]",False,True
0,1,6,10,9,79,57,11,0.2152,-0.15,remove,ru,5,"[0, 1]","[1, 0]",False,True
1,2,6,10,9,79,57,1,0.2152,0.033,move,u,5,"[4, 9]","[4, 8]",False,True
0,1,6,10,9,79,58,13,0.18995,0.333,remove,r,2,"[0, 1]","[1, 1]",False,True
1,2,6,10,9,79,58,1,0.18995,-0.25,move,u,5,"[4, 8]","[4, 7]",False,True
0,1,6,10,9,79,59,13,0.1442,-0.967,remove,r,2,"[0, 1]","[1, 1]",False,True
1,2,6,10,9,79,59,0,0.1442,-0.083,move,lu,5,"[4, 7]","[3, 6]",False,True
0,1,6,10,9,79,60,7,0.22749999999999998,0.283,move,d,5,"[0, 1]","[0, 2]",False,True
1,2,6,10,9,79,60,1,0.22749999999999998,1.083,move,u,5,"[3, 6]","[3, 5]",False,True
0,1,6,10,9,79,61,12,0.2692,0.0,remove,l,1,"[0, 2]","[-1, 2]",False,True
1,2,6,10,9,79,61,13,0.2692,-0.833,remove,r,2,"[3, 5]","[4, 5]",False,True
0,1,6,10,9,79,62,15,0.29919999999999997,-0.733,remove,d,5,"[0, 2]","[0, 3]",False,True
1,2,6,10,9,79,62,11,0.29919999999999997,-0.05,remove,ru,2,"[3, 5]","[4, 4]",False,True
0,1,6,10,9,79,63,10,0.27914999999999995,0.417,remove,u,5,"[0, 2]","[0, 1]",False,True
1,2,6,10,9,79,63,14,0.27914999999999995,-1.05,remove,ld,2,"[3, 5]","[2, 6]",False,True
0,1,6,10,9,79,64,5,0.1936,-0.167,move,r,5,"[0, 2]","[1, 2]",False,True
1,2,6,10,9,79,64,8,0.1936,0.7,move,rd,5,"[3, 5]","[4, 6]",False,True
0,1,6,10,9,79,65,6,0.19275000000000003,-0.083,move,ld,5,"[1, 2]","[0, 3]",False,True
1,2,6,10,9,79,65,1,0.19275000000000003,-0.417,move,u,5,"[4, 6]","[4, 5]",False,True
0,1,6,10,9,79,66,5,0.13445000000000004,0.417,move,r,5,"[0, 3]","[1, 3]",False,True
1,2,6,10,9,79,66,1,0.13445000000000004,-0.083,move,u,5,"[4, 5]","[4, 4]",False,True
0,1,6,10,9,79,67,12,0.12795,-0.583,remove,l,5,"[1, 3]","[0, 3]",False,True
1,2,6,10,9,79,67,2,0.12795,-0.167,move,ru,5,"[4, 4]","[5, 3]",False,True
0,1,6,10,9,79,68,8,0.2213,0.25,move,rd,5,"[1, 3]","[2, 4]",False,True
1,2,6,10,9,79,68,10,0.2213,1.167,remove,u,2,"[5, 3]","[5, 2]",False,True
0,1,6,10,9,79,69,14,0.3075,-0.167,remove,ld,2,"[2, 4]","[1, 5]",False,True
1,2,6,10,9,79,69,8,0.3075,-0.717,move,rd,5,"[5, 3]","[6, 4]",False,True
0,1,6,10,9,79,70,8,0.1675,0.2,move,rd,3,"[2, 4]","[3, 5]",False,True
1,2,6,10,9,79,70,0,0.1675,0.333,move,lu,5,"[6, 4]","[5, 3]",False,True
0,1,6,10,9,79,71,10,0.3273500000000001,-0.867,remove,u,2,"[2, 4]","[2, 3]",False,True
1,2,6,10,9,79,71,7,0.3273500000000001,-1.167,move,d,5,"[5, 3]","[5, 4]",False,True
0,1,6,10,9,79,72,14,0.36970000000000003,0.283,remove,ld,2,"[2, 4]","[1, 5]",False,True
1,2,6,10,9,79,72,0,0.36970000000000003,-0.083,move,lu,5,"[5, 4]","[4, 3]",False,True
0,1,6,10,9,79,73,5,0.2678,-0.05,move,r,5,"[2, 4]","[3, 4]",False,True
1,2,6,10,9,79,73,12,0.2678,-0.167,remove,l,2,"[4, 3]","[3, 3]",False,True
0,1,6,10,9,79,74,3,0.3236,-0.5,move,l,5,"[3, 4]","[2, 4]",False,True
1,2,6,10,9,79,74,0,0.3236,0.283,move,lu,5,"[4, 3]","[3, 2]",False,True
0,1,6,10,9,79,75,13,0.20325000000000001,0.417,remove,r,5,"[2, 4]","[3, 4]",False,True
1,2,6,10,9,79,75,0,0.20325000000000001,-0.167,move,lu,5,"[3, 2]","[2, 1]",False,True
0,1,6,10,9,79,76,9,0.14955,-0.583,remove,lu,5,"[2, 4]","[1, 3]",False,True
1,2,6,10,9,79,76,8,0.14955,0.333,move,rd,5,"[2, 1]","[3, 2]",False,True
0,1,6,10,9,79,77,4,0.29545000000000005,0.583,move,z,5,"[2, 4]","[2, 4]",False,True
1,2,6,10,9,79,77,2,0.29545000000000005,0.583,move,ru,5,"[3, 2]","[4, 1]",False,True
0,1,6,10,9,79,78,10,0.17350000000000004,-0.417,remove,u,2,"[2, 4]","[2, 3]",False,True
1,2,6,10,9,79,78,16,0.17350000000000004,-0.75,remove,rd,2,"[4, 1]","[5, 2]",False,True
0,1,6,10,9,79,79,3,0.26855,-0.467,move,l,5,"[2, 4]","[1, 4]",False,True
1,2,6,10,9,79,79,5,0.26855,0.45,move,r,5,"[4, 1]","[5, 1]",False,True
0,1,6,10,10,58,1,6,0.21395,-0.583,move,ld,5,"[1, 2]","[0, 3]",False,True
1,2,6,10,10,58,1,8,0.21395,-0.5,move,rd,5,"[9, 8]","[10, 9]",False,True
0,1,6,10,10,58,2,12,0.17885,0.0,remove,l,1,"[0, 3]","[-1, 3]",False,True
1,2,6,10,10,58,2,16,0.17885,0.0,remove,rd,1,"[10, 9]","[11, 10]",False,True
0,1,6,10,10,58,3,13,0.13630000000000003,-0.317,remove,r,2,"[0, 3]","[1, 3]",False,True
1,2,6,10,10,58,3,3,0.13630000000000003,-0.317,move,l,5,"[10, 9]","[9, 9]",False,True
0,1,6,10,10,58,4,9,0.2573,-0.217,remove,lu,1,"[0, 3]","[-1, 2]",False,True
1,2,6,10,10,58,4,14,0.2573,0.0,remove,ld,2,"[9, 9]","[8, 10]",False,True
0,1,6,10,10,58,5,11,0.21034999999999998,-0.15,remove,ru,5,"[0, 3]","[1, 2]",False,True
1,2,6,10,10,58,5,7,0.21034999999999998,-0.383,move,d,5,"[9, 9]","[9, 10]",False,True
0,1,6,10,10,58,6,13,0.14404999999999998,-0.167,remove,r,2,"[0, 3]","[1, 3]",False,True
1,2,6,10,10,58,6,1,0.14404999999999998,0.5,move,u,5,"[9, 10]","[9, 9]",False,True
0,1,6,10,10,58,7,11,0.0965,-0.383,remove,ru,2,"[0, 3]","[1, 2]",False,True
1,2,6,10,10,58,7,3,0.0965,-0.5,move,l,5,"[9, 9]","[8, 9]",False,True
0,1,6,10,10,58,8,3,0.10094999999999998,-0.55,move,l,1,"[0, 3]","[-1, 3]",False,True
1,2,6,10,10,58,8,15,0.10094999999999998,-0.167,remove,d,2,"[8, 9]","[8, 10]",False,True
0,1,6,10,10,58,9,16,0.08035,-0.15,remove,rd,2,"[0, 3]","[1, 4]",False,True
1,2,6,10,10,58,9,6,0.08035,-0.383,move,ld,5,"[8, 9]","[7, 10]",False,True
0,1,6,10,10,58,10,16,0.10540000000000002,-0.217,remove,rd,2,"[0, 3]","[1, 4]",False,True
1,2,6,10,10,58,10,16,0.10540000000000002,0.667,remove,rd,1,"[7, 10]","[8, 11]",False,True
0,1,6,10,10,58,11,4,0.284,-0.467,move,z,5,"[0, 3]","[0, 3]",False,True
1,2,6,10,10,58,11,7,0.284,-0.567,move,d,1,"[7, 10]","[7, 11]",False,True
0,1,6,10,10,58,12,7,0.1085,-0.167,move,d,5,"[0, 3]","[0, 4]",False,True
1,2,6,10,10,58,12,2,0.1085,-0.4,move,ru,5,"[7, 10]","[8, 9]",False,True
0,1,6,10,10,58,13,1,0.08534999999999998,0.417,move,u,5,"[0, 4]","[0, 3]",False,True
1,2,6,10,10,58,13,15,0.08534999999999998,-0.417,remove,d,2,"[8, 9]","[8, 10]",False,True
0,1,6,10,10,58,14,16,0.0782,-0.25,remove,rd,2,"[0, 3]","[1, 4]",False,True
1,2,6,10,10,58,14,4,0.0782,-0.05,move,z,5,"[8, 9]","[8, 9]",False,True
0,1,6,10,10,58,15,9,0.06404999999999997,-0.133,remove,lu,1,"[0, 3]","[-1, 2]",False,True
1,2,6,10,10,58,15,14,0.06404999999999997,0.0,remove,ld,5,"[8, 9]","[7, 10]",False,True
0,1,6,10,10,58,16,6,0.060450000000000004,-0.9,move,ld,1,"[0, 3]","[-1, 4]",False,True
1,2,6,10,10,58,16,12,0.060450000000000004,0.0,remove,l,2,"[8, 9]","[7, 9]",False,True
0,1,6,10,10,58,17,8,0.0874,-0.15,move,rd,5,"[0, 3]","[1, 4]",False,True
1,2,6,10,10,58,17,0,0.0874,-0.217,move,lu,5,"[8, 9]","[7, 8]",False,True
0,1,6,10,10,58,18,1,0.11554999999999997,0.333,move,u,5,"[1, 4]","[1, 3]",False,True
1,2,6,10,10,58,18,10,0.11554999999999997,0.167,remove,u,2,"[7, 8]","[7, 7]",False,True
0,1,6,10,10,58,19,3,0.0763,-0.5,move,l,5,"[1, 3]","[0, 3]",False,True
1,2,6,10,10,58,19,6,0.0763,-0.55,move,ld,5,"[7, 8]","[6, 9]",False,True
0,1,6,10,10,58,20,7,0.0816,0.167,move,d,5,"[0, 3]","[0, 4]",False,True
1,2,6,10,10,58,20,11,0.0816,-0.5,remove,ru,5,"[6, 9]","[7, 8]",False,True
0,1,6,10,10,58,21,8,0.08589999999999998,0.5,move,rd,5,"[0, 4]","[1, 5]",False,True
1,2,6,10,10,58,21,13,0.08589999999999998,0.333,remove,r,2,"[6, 9]","[7, 9]",False,True
0,1,6,10,10,58,22,2,0.06384999999999999,-0.333,move,ru,5,"[1, 5]","[2, 4]",False,True
1,2,6,10,10,58,22,10,0.06384999999999999,-0.383,remove,u,2,"[6, 9]","[6, 8]",False,True
0,1,6,10,10,58,23,11,0.10729999999999999,-0.417,remove,ru,2,"[2, 4]","[3, 3]",False,True
1,2,6,10,10,58,23,5,0.10729999999999999,-0.3,move,r,5,"[6, 9]","[7, 9]",False,True
0,1,6,10,10,58,24,13,0.08065000000000003,-0.05,remove,r,2,"[2, 4]","[3, 4]",False,True
1,2,6,10,10,58,24,10,0.08065000000000003,0.583,remove,u,2,"[7, 9]","[7, 8]",False,True
0,1,6,10,10,58,25,4,0.08940000000000001,0.033,move,z,5,"[2, 4]","[2, 4]",False,True
1,2,6,10,10,58,25,4,0.08940000000000001,-0.467,move,z,5,"[7, 9]","[7, 9]",False,True
0,1,6,10,10,58,26,14,0.09314999999999998,0.25,remove,ld,5,"[2, 4]","[1, 5]",False,True
1,2,6,10,10,58,26,13,0.09314999999999998,-0.333,remove,r,5,"[7, 9]","[8, 9]",False,True
0,1,6,10,10,58,27,4,0.1076,-0.5,move,z,5,"[2, 4]","[2, 4]",False,True
1,2,6,10,10,58,27,0,0.1076,0.25,move,lu,5,"[7, 9]","[6, 8]",False,True
0,1,6,10,10,58,28,12,0.12139999999999995,0.0,remove,l,5,"[2, 4]","[1, 4]",False,True
1,2,6,10,10,58,28,2,0.12139999999999995,0.0,move,ru,5,"[6, 8]","[7, 7]",False,True
0,1,6,10,10,58,29,6,0.10939999999999998,0.417,move,ld,5,"[2, 4]","[1, 5]",False,True
1,2,6,10,10,58,29,4,0.10939999999999998,0.333,move,z,5,"[7, 7]","[7, 7]",False,True
0,1,6,10,10,58,30,11,0.12075,-0.5,remove,ru,5,"[1, 5]","[2, 4]",False,True
1,2,6,10,10,58,30,10,0.12075,-0.917,remove,u,2,"[7, 7]","[7, 6]",False,True
0,1,6,10,10,58,31,5,0.12564999999999998,0.25,move,r,5,"[1, 5]","[2, 5]",False,True
1,2,6,10,10,58,31,11,0.12564999999999998,0.117,remove,ru,2,"[7, 7]","[8, 6]",False,True
0,1,6,10,10,58,32,0,0.09095,-0.083,move,lu,5,"[2, 5]","[1, 4]",False,True
1,2,6,10,10,58,32,6,0.09095,-0.05,move,ld,5,"[7, 7]","[6, 8]",False,True
0,1,6,10,10,58,33,1,0.08835000000000001,0.083,move,u,5,"[1, 4]","[1, 3]",False,True
1,2,6,10,10,58,33,14,0.08835000000000001,0.167,remove,ld,2,"[6, 8]","[5, 9]",False,True
0,1,6,10,10,58,34,9,0.1115,-0.417,remove,lu,2,"[1, 3]","[0, 2]",False,True
1,2,6,10,10,58,34,2,0.1115,-1.3,move,ru,5,"[6, 8]","[7, 7]",False,True
0,1,6,10,10,58,35,5,0.11804999999999999,0.033,move,r,5,"[1, 3]","[2, 3]",False,True
1,2,6,10,10,58,35,15,0.11804999999999999,0.667,remove,d,2,"[7, 7]","[7, 8]",False,True
0,1,6,10,10,58,36,13,0.09695,-0.417,remove,r,2,"[2, 3]","[3, 3]",False,True
1,2,6,10,10,58,36,12,0.09695,-0.3,remove,l,2,"[7, 7]","[6, 7]",False,True
0,1,6,10,10,58,37,5,0.13665000000000002,0.283,move,r,5,"[2, 3]","[3, 3]",False,True
1,2,6,10,10,58,37,1,0.13665000000000002,-0.967,move,u,5,"[7, 7]","[7, 6]",False,True
0,1,6,10,10,58,38,6,0.12655,-0.417,move,ld,5,"[3, 3]","[2, 4]",False,True
1,2,6,10,10,58,38,1,0.12655,0.75,move,u,5,"[7, 6]","[7, 5]",False,True
0,1,6,10,10,58,39,2,0.1917,0.833,move,ru,5,"[2, 4]","[3, 3]",False,True
1,2,6,10,10,58,39,5,0.1917,0.167,move,r,5,"[7, 5]","[8, 5]",False,True
0,1,6,10,10,58,40,4,0.12529999999999997,-0.583,move,z,5,"[3, 3]","[3, 3]",False,True
1,2,6,10,10,58,40,9,0.12529999999999997,0.167,remove,lu,2,"[8, 5]","[7, 4]",False,True
0,1,6,10,10,58,41,16,0.14934999999999998,-0.167,remove,rd,2,"[3, 3]","[4, 4]",False,True
1,2,6,10,10,58,41,3,0.14934999999999998,-0.55,move,l,5,"[8, 5]","[7, 5]",False,True
0,1,6,10,10,58,42,5,0.3833000000000001,0.45,move,r,5,"[3, 3]","[4, 3]",False,True
1,2,6,10,10,58,42,7,0.3833000000000001,-0.5,move,d,5,"[7, 5]","[7, 6]",False,True
0,1,6,10,10,58,43,11,0.1453,-1.0,remove,ru,2,"[4, 3]","[5, 2]",False,True
1,2,6,10,10,58,43,5,0.1453,-0.083,move,r,5,"[7, 6]","[8, 6]",False,True
0,1,6,10,10,58,44,9,0.28945000000000004,0.033,remove,lu,2,"[4, 3]","[3, 2]",False,True
1,2,6,10,10,58,44,1,0.28945000000000004,0.417,move,u,5,"[8, 6]","[8, 5]",False,True
0,1,6,10,10,58,45,1,0.15669999999999998,-0.3,move,u,5,"[4, 3]","[4, 2]",False,True
1,2,6,10,10,58,45,10,0.15669999999999998,-0.083,remove,u,2,"[8, 5]","[8, 4]",False,True
0,1,6,10,10,58,46,5,0.20654999999999996,1.0,move,r,5,"[4, 2]","[5, 2]",False,True
1,2,6,10,10,58,46,14,0.20654999999999996,0.2,remove,ld,5,"[8, 5]","[7, 6]",False,True
0,1,6,10,10,58,47,13,0.19285000000000002,-1.083,remove,r,2,"[5, 2]","[6, 2]",False,True
1,2,6,10,10,58,47,3,0.19285000000000002,-0.167,move,l,5,"[8, 5]","[7, 5]",False,True
0,1,6,10,10,58,48,15,0.21395,-0.383,remove,d,2,"[5, 2]","[5, 3]",False,True
1,2,6,10,10,58,48,16,0.21395,-0.5,remove,rd,5,"[7, 5]","[8, 6]",False,True
0,1,6,10,10,58,49,5,0.21745,0.45,move,r,5,"[5, 2]","[6, 2]",False,True
1,2,6,10,10,58,49,0,0.21745,0.417,move,lu,5,"[7, 5]","[6, 4]",False,True
0,1,6,10,10,58,50,3,0.20795,-0.083,move,l,5,"[6, 2]","[5, 2]",False,True
1,2,6,10,10,58,50,15,0.20795,0.417,remove,d,2,"[6, 4]","[6, 5]",False,True
0,1,6,10,10,58,51,11,0.18450000000000003,-0.5,remove,ru,2,"[5, 2]","[6, 1]",False,True
1,2,6,10,10,58,51,6,0.18450000000000003,-0.467,move,ld,5,"[6, 4]","[5, 5]",False,True
0,1,6,10,10,58,52,12,0.24910000000000002,-0.05,remove,l,5,"[5, 2]","[4, 2]",False,True
1,2,6,10,10,58,52,9,0.24910000000000002,-0.667,remove,lu,2,"[5, 5]","[4, 4]",False,True
0,1,6,10,10,58,53,7,0.19945,0.083,move,d,5,"[5, 2]","[5, 3]",False,True
1,2,6,10,10,58,53,2,0.19945,0.45,move,ru,5,"[5, 5]","[6, 4]",False,True
0,1,6,10,10,58,54,13,0.22835,0.0,remove,r,2,"[5, 3]","[6, 3]",True,True
1,2,6,10,10,58,54,1,0.22835,-0.333,move,u,5,"[6, 4]","[6, 3]",True,True
0,1,6,10,10,58,55,7,0.27249999999999996,-1.133,move,d,5,"[5, 3]","[5, 4]",False,True
1,2,6,10,10,58,55,16,0.27249999999999996,0.833,remove,rd,5,"[6, 4]","[7, 5]",False,True
0,1,6,10,10,58,56,5,0.19375000000000003,0.75,move,r,4,"[5, 4]","[6, 4]",False,True
1,2,6,10,10,58,56,13,0.19375000000000003,-0.333,remove,r,2,"[6, 4]","[7, 4]",False,True
0,1,6,10,10,58,57,10,0.22379999999999994,0.233,remove,u,5,"[5, 4]","[5, 3]",False,True
1,2,6,10,10,58,57,7,0.22379999999999994,-0.05,move,d,5,"[6, 4]","[6, 5]",False,True
0,1,6,10,10,58,58,15,0.1767,-0.667,remove,d,5,"[5, 4]","[5, 5]",False,True
1,2,6,10,10,58,58,7,0.1767,-1.667,move,d,5,"[6, 5]","[6, 6]",False,True
